-- phpMyAdmin SQL Dump
-- version 5.2.0
-- https://www.phpmyadmin.net/
--
-- Anamakine: 127.0.0.1
-- Üretim Zamanı: 27 May 2024, 14:28:22
-- Sunucu sürümü: 10.4.25-MariaDB
-- PHP Sürümü: 8.1.10

SET SQL_MODE = "NO_AUTO_VALUE_ON_ZERO";
START TRANSACTION;
SET time_zone = "+00:00";


/*!40101 SET @OLD_CHARACTER_SET_CLIENT=@@CHARACTER_SET_CLIENT */;
/*!40101 SET @OLD_CHARACTER_SET_RESULTS=@@CHARACTER_SET_RESULTS */;
/*!40101 SET @OLD_COLLATION_CONNECTION=@@COLLATION_CONNECTION */;
/*!40101 SET NAMES utf8mb4 */;

--
-- Veritabanı: `havayolu`
--

-- --------------------------------------------------------

--
-- Tablo için tablo yapısı `bilet`
--

CREATE TABLE `bilet` (
  `bilet_id` int(11) NOT NULL,
  `ucus_id` int(11) DEFAULT NULL,
  `k_id` int(11) DEFAULT NULL
) ENGINE=InnoDB DEFAULT CHARSET=utf8mb4;

--
-- Tablo döküm verisi `bilet`
--

INSERT INTO `bilet` (`bilet_id`, `ucus_id`, `k_id`) VALUES
(10, 19, 2),
(11, 4, 4),
(21, 2, 2),
(22, 1, 2),
(26, 2, 2),
(27, 2, 2),
(28, 8, 2),
(34, 1, 2),
(35, 1, 2);

-- --------------------------------------------------------

--
-- Tablo için tablo yapısı `koltuk`
--

CREATE TABLE `koltuk` (
  `koltuk_id` int(11) NOT NULL,
  `koltukDurumu` enum('BOŞ','DOLU','REZERVE','') NOT NULL DEFAULT 'BOŞ',
  `k_id` int(11) DEFAULT NULL,
  `ucus_id` int(11) DEFAULT NULL,
  `koltuk_no` int(11) NOT NULL,
  `bilet_id` int(11) DEFAULT NULL
) ENGINE=InnoDB DEFAULT CHARSET=utf8mb4;

--
-- Tablo döküm verisi `koltuk`
--

INSERT INTO `koltuk` (`koltuk_id`, `koltukDurumu`, `k_id`, `ucus_id`, `koltuk_no`, `bilet_id`) VALUES
(1, 'DOLU', 2, 1, 1, 34),
(2, 'BOŞ', NULL, 1, 2, NULL),
(3, 'BOŞ', NULL, 1, 3, NULL),
(4, 'BOŞ', NULL, 1, 4, NULL),
(5, 'DOLU', 2, 1, 5, 22),
(6, 'BOŞ', NULL, 1, 6, NULL),
(7, 'BOŞ', NULL, 1, 7, NULL),
(8, 'BOŞ', NULL, 1, 8, NULL),
(9, 'BOŞ', NULL, 1, 9, NULL),
(10, 'DOLU', 2, 1, 10, 35),
(11, 'BOŞ', NULL, 1, 11, NULL),
(12, 'BOŞ', NULL, 1, 12, NULL),
(13, 'BOŞ', NULL, 1, 13, NULL),
(14, 'BOŞ', NULL, 1, 14, NULL),
(15, 'BOŞ', NULL, 1, 15, NULL),
(16, 'DOLU', 2, 2, 1, 26),
(17, 'DOLU', 2, 2, 2, 27),
(18, 'BOŞ', NULL, 2, 3, NULL),
(19, 'BOŞ', NULL, 2, 4, NULL),
(20, 'BOŞ', NULL, 2, 5, NULL),
(21, 'BOŞ', NULL, 2, 6, NULL),
(22, 'DOLU', 2, 2, 7, 21),
(23, 'BOŞ', NULL, 2, 8, NULL),
(24, 'BOŞ', NULL, 2, 9, NULL),
(25, 'BOŞ', NULL, 2, 10, NULL),
(26, 'BOŞ', NULL, 2, 11, NULL),
(27, 'BOŞ', NULL, 2, 12, NULL),
(28, 'BOŞ', NULL, 2, 13, NULL),
(29, 'BOŞ', NULL, 2, 14, NULL),
(30, 'BOŞ', NULL, 2, 15, NULL),
(31, 'BOŞ', NULL, 3, 1, NULL),
(32, 'BOŞ', NULL, 3, 2, NULL),
(33, 'BOŞ', NULL, 3, 3, NULL),
(34, 'BOŞ', NULL, 3, 4, NULL),
(35, 'BOŞ', NULL, 3, 5, NULL),
(36, 'BOŞ', NULL, 3, 6, NULL),
(37, 'BOŞ', NULL, 3, 7, NULL),
(38, 'BOŞ', NULL, 3, 8, NULL),
(39, 'BOŞ', NULL, 3, 9, NULL),
(40, 'BOŞ', NULL, 3, 10, NULL),
(41, 'BOŞ', NULL, 3, 11, NULL),
(42, 'BOŞ', NULL, 3, 12, NULL),
(43, 'BOŞ', NULL, 3, 13, NULL),
(44, 'BOŞ', NULL, 3, 14, NULL),
(45, 'BOŞ', NULL, 3, 15, NULL),
(46, 'BOŞ', NULL, 4, 1, NULL),
(47, 'BOŞ', NULL, 4, 2, NULL),
(48, 'BOŞ', NULL, 4, 3, NULL),
(49, 'BOŞ', NULL, 4, 4, NULL),
(50, 'BOŞ', NULL, 4, 5, NULL),
(51, 'BOŞ', NULL, 4, 6, NULL),
(52, 'BOŞ', NULL, 4, 7, 11),
(53, 'BOŞ', NULL, 4, 8, NULL),
(54, 'BOŞ', NULL, 4, 9, NULL),
(55, 'BOŞ', NULL, 4, 10, NULL),
(56, 'BOŞ', NULL, 4, 11, NULL),
(57, 'BOŞ', NULL, 4, 12, NULL),
(58, 'BOŞ', NULL, 4, 13, NULL),
(59, 'BOŞ', NULL, 4, 14, NULL),
(60, 'BOŞ', NULL, 4, 15, NULL),
(61, 'BOŞ', NULL, 5, 1, NULL),
(62, 'BOŞ', NULL, 5, 2, NULL),
(63, 'BOŞ', NULL, 5, 3, NULL),
(64, 'BOŞ', NULL, 5, 4, NULL),
(65, 'BOŞ', NULL, 5, 5, NULL),
(66, 'BOŞ', NULL, 5, 6, NULL),
(67, 'BOŞ', NULL, 5, 7, NULL),
(68, 'BOŞ', NULL, 5, 8, NULL),
(69, 'BOŞ', NULL, 5, 9, NULL),
(70, 'BOŞ', NULL, 5, 10, NULL),
(71, 'BOŞ', NULL, 5, 11, NULL),
(72, 'BOŞ', NULL, 5, 12, NULL),
(73, 'BOŞ', NULL, 5, 13, NULL),
(74, 'BOŞ', NULL, 5, 14, NULL),
(75, 'BOŞ', NULL, 5, 15, NULL),
(76, 'BOŞ', NULL, 6, 1, NULL),
(77, 'BOŞ', NULL, 6, 2, NULL),
(78, 'BOŞ', NULL, 6, 3, NULL),
(79, 'BOŞ', NULL, 6, 4, NULL),
(80, 'BOŞ', NULL, 6, 5, NULL),
(81, 'BOŞ', NULL, 6, 6, NULL),
(82, 'BOŞ', NULL, 6, 7, NULL),
(83, 'BOŞ', NULL, 6, 8, NULL),
(84, 'BOŞ', NULL, 6, 9, NULL),
(85, 'BOŞ', NULL, 6, 10, NULL),
(86, 'BOŞ', NULL, 6, 11, NULL),
(87, 'BOŞ', NULL, 6, 12, NULL),
(88, 'BOŞ', NULL, 6, 13, NULL),
(89, 'BOŞ', NULL, 6, 14, NULL),
(90, 'BOŞ', NULL, 6, 15, NULL),
(91, 'BOŞ', NULL, 7, 1, NULL),
(92, 'BOŞ', NULL, 7, 2, NULL),
(93, 'BOŞ', NULL, 7, 3, NULL),
(94, 'BOŞ', NULL, 7, 4, NULL),
(95, 'BOŞ', NULL, 7, 5, NULL),
(96, 'BOŞ', NULL, 7, 6, NULL),
(97, 'BOŞ', NULL, 7, 7, NULL),
(98, 'BOŞ', NULL, 7, 8, NULL),
(99, 'BOŞ', NULL, 7, 9, NULL),
(100, 'BOŞ', NULL, 7, 10, NULL),
(101, 'BOŞ', NULL, 7, 11, NULL),
(102, 'BOŞ', NULL, 7, 12, NULL),
(103, 'BOŞ', NULL, 7, 13, NULL),
(104, 'BOŞ', NULL, 7, 14, NULL),
(105, 'BOŞ', NULL, 7, 15, NULL),
(106, 'DOLU', 2, 8, 1, 28),
(107, 'BOŞ', NULL, 8, 2, NULL),
(108, 'BOŞ', NULL, 8, 3, NULL),
(109, 'BOŞ', NULL, 8, 4, NULL),
(110, 'BOŞ', NULL, 8, 5, NULL),
(111, 'BOŞ', NULL, 8, 6, NULL),
(112, 'BOŞ', NULL, 8, 7, NULL),
(113, 'BOŞ', NULL, 8, 8, NULL),
(114, 'BOŞ', NULL, 8, 9, NULL),
(115, 'BOŞ', NULL, 8, 10, NULL),
(116, 'BOŞ', NULL, 8, 11, NULL),
(117, 'BOŞ', NULL, 8, 12, NULL),
(118, 'BOŞ', NULL, 8, 13, NULL),
(119, 'BOŞ', NULL, 8, 14, NULL),
(120, 'BOŞ', NULL, 8, 15, NULL),
(151, 'BOŞ', NULL, 10, 1, NULL),
(152, 'BOŞ', NULL, 10, 2, NULL),
(153, 'BOŞ', NULL, 10, 3, NULL),
(154, 'BOŞ', NULL, 10, 4, NULL),
(155, 'BOŞ', NULL, 10, 5, NULL),
(156, 'BOŞ', NULL, 10, 6, NULL),
(157, 'BOŞ', NULL, 10, 7, NULL),
(158, 'BOŞ', NULL, 10, 8, NULL),
(159, 'BOŞ', NULL, 10, 9, NULL),
(160, 'BOŞ', NULL, 10, 10, NULL),
(161, 'BOŞ', NULL, 10, 11, NULL),
(162, 'BOŞ', NULL, 10, 12, NULL),
(163, 'BOŞ', NULL, 10, 13, NULL),
(164, 'BOŞ', NULL, 10, 14, NULL),
(165, 'BOŞ', NULL, 10, 15, NULL),
(166, 'BOŞ', NULL, 11, 1, NULL),
(167, 'BOŞ', NULL, 11, 2, NULL),
(168, 'BOŞ', NULL, 11, 3, NULL),
(169, 'BOŞ', NULL, 11, 4, NULL),
(170, 'BOŞ', NULL, 11, 5, NULL),
(171, 'BOŞ', NULL, 11, 6, NULL),
(172, 'BOŞ', NULL, 11, 7, NULL),
(173, 'BOŞ', NULL, 11, 8, NULL),
(174, 'BOŞ', NULL, 11, 9, NULL),
(175, 'BOŞ', NULL, 11, 10, NULL),
(176, 'BOŞ', NULL, 11, 11, NULL),
(177, 'BOŞ', NULL, 11, 12, NULL),
(178, 'BOŞ', NULL, 11, 13, NULL),
(179, 'BOŞ', NULL, 11, 14, NULL),
(180, 'BOŞ', NULL, 11, 15, NULL),
(181, 'BOŞ', NULL, 12, 1, NULL),
(182, 'BOŞ', NULL, 12, 2, NULL),
(183, 'BOŞ', NULL, 12, 3, NULL),
(184, 'BOŞ', NULL, 12, 4, NULL),
(185, 'BOŞ', NULL, 12, 5, NULL),
(186, 'BOŞ', NULL, 12, 6, NULL),
(187, 'BOŞ', NULL, 12, 7, NULL),
(188, 'BOŞ', NULL, 12, 8, NULL),
(189, 'BOŞ', NULL, 12, 9, NULL),
(190, 'BOŞ', NULL, 12, 10, NULL),
(191, 'BOŞ', NULL, 12, 11, NULL),
(192, 'BOŞ', NULL, 12, 12, NULL),
(193, 'BOŞ', NULL, 12, 13, NULL),
(194, 'BOŞ', NULL, 12, 14, NULL),
(195, 'BOŞ', NULL, 12, 15, NULL),
(196, 'BOŞ', NULL, 13, 1, NULL),
(197, 'BOŞ', NULL, 13, 2, NULL),
(198, 'BOŞ', NULL, 13, 3, NULL),
(199, 'BOŞ', NULL, 13, 4, NULL),
(200, 'BOŞ', NULL, 13, 5, NULL),
(201, 'BOŞ', NULL, 13, 6, NULL),
(202, 'BOŞ', NULL, 13, 7, NULL),
(203, 'BOŞ', NULL, 13, 8, NULL),
(204, 'BOŞ', NULL, 13, 9, NULL),
(205, 'BOŞ', NULL, 13, 10, NULL),
(206, 'BOŞ', NULL, 13, 11, NULL),
(207, 'BOŞ', NULL, 13, 12, NULL),
(208, 'BOŞ', NULL, 13, 13, NULL),
(209, 'BOŞ', NULL, 13, 14, NULL),
(210, 'BOŞ', NULL, 13, 15, NULL),
(211, 'BOŞ', NULL, 14, 1, NULL),
(212, 'BOŞ', NULL, 14, 2, NULL),
(213, 'BOŞ', NULL, 14, 3, NULL),
(214, 'BOŞ', NULL, 14, 4, NULL),
(215, 'BOŞ', NULL, 14, 5, NULL),
(216, 'BOŞ', NULL, 14, 6, NULL),
(217, 'BOŞ', NULL, 14, 7, NULL),
(218, 'BOŞ', NULL, 14, 8, NULL),
(219, 'BOŞ', NULL, 14, 9, NULL),
(220, 'BOŞ', NULL, 14, 10, NULL),
(221, 'BOŞ', NULL, 14, 11, NULL),
(222, 'BOŞ', NULL, 14, 12, NULL),
(223, 'BOŞ', NULL, 14, 13, NULL),
(224, 'BOŞ', NULL, 14, 14, NULL),
(225, 'BOŞ', NULL, 14, 15, NULL),
(226, 'BOŞ', NULL, 15, 1, NULL),
(227, 'BOŞ', NULL, 15, 2, NULL),
(228, 'BOŞ', NULL, 15, 3, NULL),
(229, 'BOŞ', NULL, 15, 4, NULL),
(230, 'BOŞ', NULL, 15, 5, NULL),
(231, 'BOŞ', NULL, 15, 6, NULL),
(232, 'BOŞ', NULL, 15, 7, NULL),
(233, 'BOŞ', NULL, 15, 8, NULL),
(234, 'BOŞ', NULL, 15, 9, NULL),
(235, 'BOŞ', NULL, 15, 10, NULL),
(236, 'BOŞ', NULL, 15, 11, NULL),
(237, 'BOŞ', NULL, 15, 12, NULL),
(238, 'BOŞ', NULL, 15, 13, NULL),
(239, 'BOŞ', NULL, 15, 14, NULL),
(240, 'BOŞ', NULL, 15, 15, NULL),
(241, 'BOŞ', NULL, 16, 1, NULL),
(242, 'BOŞ', NULL, 16, 2, NULL),
(243, 'BOŞ', NULL, 16, 3, NULL),
(244, 'BOŞ', NULL, 16, 4, NULL),
(245, 'BOŞ', NULL, 16, 5, NULL),
(246, 'BOŞ', NULL, 16, 6, NULL),
(247, 'BOŞ', NULL, 16, 7, NULL),
(248, 'BOŞ', NULL, 16, 8, NULL),
(249, 'BOŞ', NULL, 16, 9, NULL),
(250, 'BOŞ', NULL, 16, 10, NULL),
(251, 'BOŞ', NULL, 16, 11, NULL),
(252, 'BOŞ', NULL, 16, 12, NULL),
(253, 'BOŞ', NULL, 16, 13, NULL),
(254, 'BOŞ', NULL, 16, 14, NULL),
(255, 'BOŞ', NULL, 16, 15, NULL),
(256, 'BOŞ', NULL, 17, 1, NULL),
(257, 'BOŞ', NULL, 17, 2, NULL),
(258, 'BOŞ', NULL, 17, 3, NULL),
(259, 'BOŞ', NULL, 17, 4, NULL),
(260, 'BOŞ', NULL, 17, 5, NULL),
(261, 'BOŞ', NULL, 17, 6, NULL),
(262, 'BOŞ', NULL, 17, 7, NULL),
(263, 'BOŞ', NULL, 17, 8, NULL),
(264, 'BOŞ', NULL, 17, 9, NULL),
(265, 'BOŞ', NULL, 17, 10, NULL),
(266, 'BOŞ', NULL, 17, 11, NULL),
(267, 'BOŞ', NULL, 17, 12, NULL),
(268, 'BOŞ', NULL, 17, 13, NULL),
(269, 'BOŞ', NULL, 17, 14, NULL),
(270, 'BOŞ', NULL, 17, 15, NULL),
(271, 'BOŞ', NULL, 18, 1, NULL),
(272, 'BOŞ', NULL, 18, 2, NULL),
(273, 'BOŞ', NULL, 18, 3, NULL),
(274, 'BOŞ', NULL, 18, 4, NULL),
(275, 'BOŞ', NULL, 18, 5, NULL),
(276, 'BOŞ', NULL, 18, 6, NULL),
(277, 'BOŞ', NULL, 18, 7, NULL),
(278, 'BOŞ', NULL, 18, 8, NULL),
(279, 'BOŞ', NULL, 18, 9, NULL),
(280, 'BOŞ', NULL, 18, 10, NULL),
(281, 'BOŞ', NULL, 18, 11, NULL),
(282, 'BOŞ', NULL, 18, 12, NULL),
(283, 'BOŞ', NULL, 18, 13, NULL),
(284, 'BOŞ', NULL, 18, 14, NULL),
(285, 'BOŞ', NULL, 18, 15, NULL),
(286, 'BOŞ', NULL, 19, 1, NULL),
(287, 'BOŞ', NULL, 19, 2, NULL),
(288, 'BOŞ', NULL, 19, 3, 10),
(289, 'BOŞ', NULL, 19, 4, NULL),
(290, 'BOŞ', NULL, 19, 5, NULL),
(291, 'BOŞ', NULL, 19, 6, NULL),
(292, 'BOŞ', NULL, 19, 7, NULL),
(293, 'BOŞ', NULL, 19, 8, NULL),
(294, 'BOŞ', NULL, 19, 9, NULL),
(295, 'BOŞ', NULL, 19, 10, NULL),
(296, 'BOŞ', NULL, 19, 11, NULL),
(297, 'BOŞ', NULL, 19, 12, NULL),
(298, 'BOŞ', NULL, 19, 13, NULL),
(299, 'BOŞ', NULL, 19, 14, NULL),
(300, 'BOŞ', NULL, 19, 15, NULL),
(301, 'BOŞ', NULL, 20, 1, NULL),
(302, 'BOŞ', NULL, 20, 2, NULL),
(303, 'BOŞ', NULL, 20, 3, NULL),
(304, 'BOŞ', NULL, 20, 4, NULL),
(305, 'BOŞ', NULL, 20, 5, NULL),
(306, 'BOŞ', NULL, 20, 6, NULL),
(307, 'BOŞ', NULL, 20, 7, NULL),
(308, 'BOŞ', NULL, 20, 8, NULL),
(309, 'BOŞ', NULL, 20, 9, NULL),
(310, 'BOŞ', NULL, 20, 10, NULL),
(311, 'BOŞ', NULL, 20, 11, NULL),
(312, 'BOŞ', NULL, 20, 12, NULL),
(313, 'BOŞ', NULL, 20, 13, NULL),
(314, 'BOŞ', NULL, 20, 14, NULL),
(315, 'BOŞ', NULL, 20, 15, NULL),
(316, 'BOŞ', NULL, 21, 1, NULL),
(317, 'BOŞ', NULL, 21, 2, NULL),
(318, 'BOŞ', NULL, 21, 3, NULL),
(319, 'BOŞ', NULL, 21, 4, NULL),
(320, 'BOŞ', NULL, 21, 5, NULL),
(321, 'BOŞ', NULL, 21, 6, NULL),
(322, 'BOŞ', NULL, 21, 7, NULL),
(323, 'BOŞ', NULL, 21, 8, NULL),
(324, 'BOŞ', NULL, 21, 9, NULL),
(325, 'BOŞ', NULL, 21, 10, NULL),
(326, 'BOŞ', NULL, 21, 11, NULL),
(327, 'BOŞ', NULL, 21, 12, NULL),
(328, 'BOŞ', NULL, 21, 13, NULL),
(329, 'BOŞ', NULL, 21, 14, NULL),
(330, 'BOŞ', NULL, 21, 15, NULL),
(331, 'BOŞ', NULL, 22, 1, NULL),
(332, 'BOŞ', NULL, 22, 2, NULL),
(333, 'BOŞ', NULL, 22, 3, NULL),
(334, 'BOŞ', NULL, 22, 4, NULL),
(335, 'BOŞ', NULL, 22, 5, NULL),
(336, 'BOŞ', NULL, 22, 6, NULL),
(337, 'BOŞ', NULL, 22, 7, NULL),
(338, 'BOŞ', NULL, 22, 8, NULL),
(339, 'BOŞ', NULL, 22, 9, NULL),
(340, 'BOŞ', NULL, 22, 10, NULL),
(341, 'BOŞ', NULL, 22, 11, NULL),
(342, 'BOŞ', NULL, 22, 12, NULL),
(343, 'BOŞ', NULL, 22, 13, NULL),
(344, 'BOŞ', NULL, 22, 14, NULL),
(345, 'BOŞ', NULL, 22, 15, NULL),
(346, 'BOŞ', NULL, 23, 1, NULL),
(347, 'BOŞ', NULL, 23, 2, NULL),
(348, 'BOŞ', NULL, 23, 3, NULL),
(349, 'BOŞ', NULL, 23, 4, NULL),
(350, 'BOŞ', NULL, 23, 5, NULL),
(351, 'BOŞ', NULL, 23, 6, NULL),
(352, 'BOŞ', NULL, 23, 7, NULL),
(353, 'BOŞ', NULL, 23, 8, NULL),
(354, 'BOŞ', NULL, 23, 9, NULL),
(355, 'BOŞ', NULL, 23, 10, NULL),
(356, 'BOŞ', NULL, 23, 11, NULL),
(357, 'BOŞ', NULL, 23, 12, NULL),
(358, 'BOŞ', NULL, 23, 13, NULL),
(359, 'BOŞ', NULL, 23, 14, NULL),
(360, 'BOŞ', NULL, 23, 15, NULL),
(361, 'BOŞ', NULL, 24, 1, NULL),
(362, 'BOŞ', NULL, 24, 2, NULL),
(363, 'BOŞ', NULL, 24, 3, NULL),
(364, 'BOŞ', NULL, 24, 4, NULL),
(365, 'BOŞ', NULL, 24, 5, NULL),
(366, 'BOŞ', NULL, 24, 6, NULL),
(367, 'BOŞ', NULL, 24, 7, NULL),
(368, 'BOŞ', NULL, 24, 8, NULL),
(369, 'BOŞ', NULL, 24, 9, NULL),
(370, 'BOŞ', NULL, 24, 10, NULL),
(371, 'BOŞ', NULL, 24, 11, NULL),
(372, 'BOŞ', NULL, 24, 12, NULL),
(373, 'BOŞ', NULL, 24, 13, NULL),
(374, 'BOŞ', NULL, 24, 14, NULL),
(375, 'BOŞ', NULL, 24, 15, NULL),
(376, 'BOŞ', NULL, 25, 1, NULL),
(377, 'BOŞ', NULL, 25, 2, NULL),
(378, 'BOŞ', NULL, 25, 3, NULL),
(379, 'BOŞ', NULL, 25, 4, NULL),
(380, 'BOŞ', NULL, 25, 5, NULL),
(381, 'BOŞ', NULL, 25, 6, NULL),
(382, 'BOŞ', NULL, 25, 7, NULL),
(383, 'BOŞ', NULL, 25, 8, NULL),
(384, 'BOŞ', NULL, 25, 9, NULL),
(385, 'BOŞ', NULL, 25, 10, NULL),
(386, 'BOŞ', NULL, 25, 11, NULL),
(387, 'BOŞ', NULL, 25, 12, NULL),
(388, 'BOŞ', NULL, 25, 13, NULL),
(389, 'BOŞ', NULL, 25, 14, NULL),
(390, 'BOŞ', NULL, 25, 15, NULL),
(391, 'BOŞ', NULL, 26, 1, NULL),
(392, 'BOŞ', NULL, 26, 2, NULL),
(393, 'BOŞ', NULL, 26, 3, NULL),
(394, 'BOŞ', NULL, 26, 4, NULL),
(395, 'BOŞ', NULL, 26, 5, NULL),
(396, 'BOŞ', NULL, 26, 6, NULL),
(397, 'BOŞ', NULL, 26, 7, NULL),
(398, 'BOŞ', NULL, 26, 8, NULL),
(399, 'BOŞ', NULL, 26, 9, NULL),
(400, 'BOŞ', NULL, 26, 10, NULL),
(401, 'BOŞ', NULL, 26, 11, NULL),
(402, 'BOŞ', NULL, 26, 12, NULL),
(403, 'BOŞ', NULL, 26, 13, NULL),
(404, 'BOŞ', NULL, 26, 14, NULL),
(405, 'BOŞ', NULL, 26, 15, NULL),
(406, 'BOŞ', NULL, 27, 1, NULL),
(407, 'BOŞ', NULL, 27, 2, NULL),
(408, 'BOŞ', NULL, 27, 3, NULL),
(409, 'BOŞ', NULL, 27, 4, NULL),
(410, 'BOŞ', NULL, 27, 5, NULL),
(411, 'BOŞ', NULL, 27, 6, NULL),
(412, 'BOŞ', NULL, 27, 7, NULL),
(413, 'BOŞ', NULL, 27, 8, NULL),
(414, 'BOŞ', NULL, 27, 9, NULL),
(415, 'BOŞ', NULL, 27, 10, NULL),
(416, 'BOŞ', NULL, 27, 11, NULL),
(417, 'BOŞ', NULL, 27, 12, NULL),
(418, 'BOŞ', NULL, 27, 13, NULL),
(419, 'BOŞ', NULL, 27, 14, NULL),
(420, 'BOŞ', NULL, 27, 15, NULL),
(421, 'BOŞ', NULL, 28, 1, NULL),
(422, 'BOŞ', NULL, 28, 2, NULL),
(423, 'BOŞ', NULL, 28, 3, NULL),
(424, 'BOŞ', NULL, 28, 4, NULL),
(425, 'BOŞ', NULL, 28, 5, NULL),
(426, 'BOŞ', NULL, 28, 6, NULL),
(427, 'BOŞ', NULL, 28, 7, NULL),
(428, 'BOŞ', NULL, 28, 8, NULL),
(429, 'BOŞ', NULL, 28, 9, NULL),
(430, 'BOŞ', NULL, 28, 10, NULL),
(431, 'BOŞ', NULL, 28, 11, NULL),
(432, 'BOŞ', NULL, 28, 12, NULL),
(433, 'BOŞ', NULL, 28, 13, NULL),
(434, 'BOŞ', NULL, 28, 14, NULL),
(435, 'BOŞ', NULL, 28, 15, NULL),
(436, 'BOŞ', NULL, 29, 1, NULL),
(437, 'BOŞ', NULL, 29, 2, NULL),
(438, 'BOŞ', NULL, 29, 3, NULL),
(439, 'BOŞ', NULL, 29, 4, NULL),
(440, 'BOŞ', NULL, 29, 5, NULL),
(441, 'BOŞ', NULL, 29, 6, NULL),
(442, 'BOŞ', NULL, 29, 7, NULL),
(443, 'BOŞ', NULL, 29, 8, NULL),
(444, 'BOŞ', NULL, 29, 9, NULL),
(445, 'BOŞ', NULL, 29, 10, NULL),
(446, 'BOŞ', NULL, 29, 11, NULL),
(447, 'BOŞ', NULL, 29, 12, NULL),
(448, 'BOŞ', NULL, 29, 13, NULL),
(449, 'BOŞ', NULL, 29, 14, NULL),
(450, 'BOŞ', NULL, 29, 15, NULL),
(451, 'BOŞ', NULL, 30, 1, NULL),
(452, 'BOŞ', NULL, 30, 2, NULL),
(453, 'BOŞ', NULL, 30, 3, NULL),
(454, 'BOŞ', NULL, 30, 4, NULL),
(455, 'BOŞ', NULL, 30, 5, NULL),
(456, 'BOŞ', NULL, 30, 6, NULL),
(457, 'BOŞ', NULL, 30, 7, NULL),
(458, 'BOŞ', NULL, 30, 8, NULL),
(459, 'BOŞ', NULL, 30, 9, NULL),
(460, 'BOŞ', NULL, 30, 10, NULL),
(461, 'BOŞ', NULL, 30, 11, NULL),
(462, 'BOŞ', NULL, 30, 12, NULL),
(463, 'BOŞ', NULL, 30, 13, NULL),
(464, 'BOŞ', NULL, 30, 14, NULL),
(465, 'BOŞ', NULL, 30, 15, NULL),
(466, 'BOŞ', NULL, 31, 1, NULL),
(467, 'BOŞ', NULL, 31, 2, NULL),
(468, 'BOŞ', NULL, 31, 3, NULL),
(469, 'BOŞ', NULL, 31, 4, NULL),
(470, 'BOŞ', NULL, 31, 5, NULL),
(471, 'BOŞ', NULL, 31, 6, NULL),
(472, 'BOŞ', NULL, 31, 7, NULL),
(473, 'BOŞ', NULL, 31, 8, NULL),
(474, 'BOŞ', NULL, 31, 9, NULL),
(475, 'BOŞ', NULL, 31, 10, NULL),
(476, 'BOŞ', NULL, 31, 11, NULL),
(477, 'BOŞ', NULL, 31, 12, NULL),
(478, 'BOŞ', NULL, 31, 13, NULL),
(479, 'BOŞ', NULL, 31, 14, NULL),
(480, 'BOŞ', NULL, 31, 15, NULL),
(481, 'BOŞ', NULL, 32, 1, NULL),
(482, 'BOŞ', NULL, 32, 2, NULL),
(483, 'BOŞ', NULL, 32, 3, NULL),
(484, 'BOŞ', NULL, 32, 4, NULL),
(485, 'BOŞ', NULL, 32, 5, NULL),
(486, 'BOŞ', NULL, 32, 6, NULL),
(487, 'BOŞ', NULL, 32, 7, NULL),
(488, 'BOŞ', NULL, 32, 8, NULL),
(489, 'BOŞ', NULL, 32, 9, NULL),
(490, 'BOŞ', NULL, 32, 10, NULL),
(491, 'BOŞ', NULL, 32, 11, NULL),
(492, 'BOŞ', NULL, 32, 12, NULL),
(493, 'BOŞ', NULL, 32, 13, NULL),
(494, 'BOŞ', NULL, 32, 14, NULL),
(495, 'BOŞ', NULL, 32, 15, NULL),
(496, 'BOŞ', NULL, 33, 1, NULL),
(497, 'BOŞ', NULL, 33, 2, NULL),
(498, 'BOŞ', NULL, 33, 3, NULL),
(499, 'BOŞ', NULL, 33, 4, NULL),
(500, 'BOŞ', NULL, 33, 5, NULL),
(501, 'BOŞ', NULL, 33, 6, NULL),
(502, 'BOŞ', NULL, 33, 7, NULL),
(503, 'BOŞ', NULL, 33, 8, NULL),
(504, 'BOŞ', NULL, 33, 9, NULL),
(505, 'BOŞ', NULL, 33, 10, NULL),
(506, 'BOŞ', NULL, 33, 11, NULL),
(507, 'BOŞ', NULL, 33, 12, NULL),
(508, 'BOŞ', NULL, 33, 13, NULL),
(509, 'BOŞ', NULL, 33, 14, NULL),
(510, 'BOŞ', NULL, 33, 15, NULL),
(511, 'BOŞ', NULL, 34, 1, NULL),
(512, 'BOŞ', NULL, 34, 2, NULL),
(513, 'BOŞ', NULL, 34, 3, NULL),
(514, 'BOŞ', NULL, 34, 4, NULL),
(515, 'BOŞ', NULL, 34, 5, NULL),
(516, 'BOŞ', NULL, 34, 6, NULL),
(517, 'BOŞ', NULL, 34, 7, NULL),
(518, 'BOŞ', NULL, 34, 8, NULL),
(519, 'BOŞ', NULL, 34, 9, NULL),
(520, 'BOŞ', NULL, 34, 10, NULL),
(521, 'BOŞ', NULL, 34, 11, NULL),
(522, 'BOŞ', NULL, 34, 12, NULL),
(523, 'BOŞ', NULL, 34, 13, NULL),
(524, 'BOŞ', NULL, 34, 14, NULL),
(525, 'BOŞ', NULL, 34, 15, NULL),
(526, 'BOŞ', NULL, 35, 1, NULL),
(527, 'BOŞ', NULL, 35, 2, NULL),
(528, 'BOŞ', NULL, 35, 3, NULL),
(529, 'BOŞ', NULL, 35, 4, NULL),
(530, 'BOŞ', NULL, 35, 5, NULL),
(531, 'BOŞ', NULL, 35, 6, NULL),
(532, 'BOŞ', NULL, 35, 7, NULL),
(533, 'BOŞ', NULL, 35, 8, NULL),
(534, 'BOŞ', NULL, 35, 9, NULL),
(535, 'BOŞ', NULL, 35, 10, NULL),
(536, 'BOŞ', NULL, 35, 11, NULL),
(537, 'BOŞ', NULL, 35, 12, NULL),
(538, 'BOŞ', NULL, 35, 13, NULL),
(539, 'BOŞ', NULL, 35, 14, NULL),
(540, 'BOŞ', NULL, 35, 15, NULL),
(541, 'BOŞ', NULL, 36, 1, NULL),
(542, 'BOŞ', NULL, 36, 2, NULL),
(543, 'BOŞ', NULL, 36, 3, NULL),
(544, 'BOŞ', NULL, 36, 4, NULL),
(545, 'BOŞ', NULL, 36, 5, NULL),
(546, 'BOŞ', NULL, 36, 6, NULL),
(547, 'BOŞ', NULL, 36, 7, NULL),
(548, 'BOŞ', NULL, 36, 8, NULL),
(549, 'BOŞ', NULL, 36, 9, NULL),
(550, 'BOŞ', NULL, 36, 10, NULL),
(551, 'BOŞ', NULL, 36, 11, NULL),
(552, 'BOŞ', NULL, 36, 12, NULL),
(553, 'BOŞ', NULL, 36, 13, NULL),
(554, 'BOŞ', NULL, 36, 14, NULL),
(555, 'BOŞ', NULL, 36, 15, NULL),
(556, 'BOŞ', NULL, 37, 1, NULL),
(557, 'BOŞ', NULL, 37, 2, NULL),
(558, 'BOŞ', NULL, 37, 3, NULL),
(559, 'BOŞ', NULL, 37, 4, NULL),
(560, 'BOŞ', NULL, 37, 5, NULL),
(561, 'BOŞ', NULL, 37, 6, NULL),
(562, 'BOŞ', NULL, 37, 7, NULL),
(563, 'BOŞ', NULL, 37, 8, NULL),
(564, 'BOŞ', NULL, 37, 9, NULL),
(565, 'BOŞ', NULL, 37, 10, NULL),
(566, 'BOŞ', NULL, 37, 11, NULL),
(567, 'BOŞ', NULL, 37, 12, NULL),
(568, 'BOŞ', NULL, 37, 13, NULL),
(569, 'BOŞ', NULL, 37, 14, NULL),
(570, 'BOŞ', NULL, 37, 15, NULL),
(571, 'BOŞ', NULL, 38, 1, NULL),
(572, 'BOŞ', NULL, 38, 2, NULL),
(573, 'BOŞ', NULL, 38, 3, NULL),
(574, 'BOŞ', NULL, 38, 4, NULL),
(575, 'BOŞ', NULL, 38, 5, NULL),
(576, 'BOŞ', NULL, 38, 6, NULL),
(577, 'BOŞ', NULL, 38, 7, NULL),
(578, 'BOŞ', NULL, 38, 8, NULL),
(579, 'BOŞ', NULL, 38, 9, NULL),
(580, 'BOŞ', NULL, 38, 10, NULL),
(581, 'BOŞ', NULL, 38, 11, NULL),
(582, 'BOŞ', NULL, 38, 12, NULL),
(583, 'BOŞ', NULL, 38, 13, NULL),
(584, 'BOŞ', NULL, 38, 14, NULL),
(585, 'BOŞ', NULL, 38, 15, NULL),
(586, 'BOŞ', NULL, 39, 1, NULL),
(587, 'BOŞ', NULL, 39, 2, NULL),
(588, 'BOŞ', NULL, 39, 3, NULL),
(589, 'BOŞ', NULL, 39, 4, NULL),
(590, 'BOŞ', NULL, 39, 5, NULL),
(591, 'BOŞ', NULL, 39, 6, NULL),
(592, 'BOŞ', NULL, 39, 7, NULL),
(593, 'BOŞ', NULL, 39, 8, NULL),
(594, 'BOŞ', NULL, 39, 9, NULL),
(595, 'BOŞ', NULL, 39, 10, NULL),
(596, 'BOŞ', NULL, 39, 11, NULL),
(597, 'BOŞ', NULL, 39, 12, NULL),
(598, 'BOŞ', NULL, 39, 13, NULL),
(599, 'BOŞ', NULL, 39, 14, NULL),
(600, 'BOŞ', NULL, 39, 15, NULL),
(601, 'BOŞ', NULL, 40, 1, NULL),
(602, 'BOŞ', NULL, 40, 2, NULL),
(603, 'BOŞ', NULL, 40, 3, NULL),
(604, 'BOŞ', NULL, 40, 4, NULL),
(605, 'BOŞ', NULL, 40, 5, NULL),
(606, 'BOŞ', NULL, 40, 6, NULL),
(607, 'BOŞ', NULL, 40, 7, NULL),
(608, 'BOŞ', NULL, 40, 8, NULL),
(609, 'BOŞ', NULL, 40, 9, NULL),
(610, 'BOŞ', NULL, 40, 10, NULL),
(611, 'BOŞ', NULL, 40, 11, NULL),
(612, 'BOŞ', NULL, 40, 12, NULL),
(613, 'BOŞ', NULL, 40, 13, NULL),
(614, 'BOŞ', NULL, 40, 14, NULL),
(615, 'BOŞ', NULL, 40, 15, NULL),
(616, 'BOŞ', NULL, 41, 1, NULL),
(617, 'BOŞ', NULL, 41, 2, NULL),
(618, 'BOŞ', NULL, 41, 3, NULL),
(619, 'BOŞ', NULL, 41, 4, NULL),
(620, 'BOŞ', NULL, 41, 5, NULL),
(621, 'BOŞ', NULL, 41, 6, NULL),
(622, 'BOŞ', NULL, 41, 7, NULL),
(623, 'BOŞ', NULL, 41, 8, NULL),
(624, 'BOŞ', NULL, 41, 9, NULL),
(625, 'BOŞ', NULL, 41, 10, NULL),
(626, 'BOŞ', NULL, 41, 11, NULL),
(627, 'BOŞ', NULL, 41, 12, NULL),
(628, 'BOŞ', NULL, 41, 13, NULL),
(629, 'BOŞ', NULL, 41, 14, NULL),
(630, 'BOŞ', NULL, 41, 15, NULL),
(631, 'BOŞ', NULL, 42, 1, NULL),
(632, 'BOŞ', NULL, 42, 2, NULL),
(633, 'BOŞ', NULL, 42, 3, NULL),
(634, 'BOŞ', NULL, 42, 4, NULL),
(635, 'BOŞ', NULL, 42, 5, NULL),
(636, 'BOŞ', NULL, 42, 6, NULL),
(637, 'BOŞ', NULL, 42, 7, NULL),
(638, 'BOŞ', NULL, 42, 8, NULL),
(639, 'BOŞ', NULL, 42, 9, NULL),
(640, 'BOŞ', NULL, 42, 10, NULL),
(641, 'BOŞ', NULL, 42, 11, NULL),
(642, 'BOŞ', NULL, 42, 12, NULL),
(643, 'BOŞ', NULL, 42, 13, NULL),
(644, 'BOŞ', NULL, 42, 14, NULL),
(645, 'BOŞ', NULL, 42, 15, NULL),
(646, 'BOŞ', NULL, 43, 1, NULL),
(647, 'BOŞ', NULL, 43, 2, NULL),
(648, 'BOŞ', NULL, 43, 3, NULL),
(649, 'BOŞ', NULL, 43, 4, NULL),
(650, 'BOŞ', NULL, 43, 5, NULL),
(651, 'BOŞ', NULL, 43, 6, NULL),
(652, 'BOŞ', NULL, 43, 7, NULL),
(653, 'BOŞ', NULL, 43, 8, NULL),
(654, 'BOŞ', NULL, 43, 9, NULL),
(655, 'BOŞ', NULL, 43, 10, NULL),
(656, 'BOŞ', NULL, 43, 11, NULL),
(657, 'BOŞ', NULL, 43, 12, NULL),
(658, 'BOŞ', NULL, 43, 13, NULL),
(659, 'BOŞ', NULL, 43, 14, NULL),
(660, 'BOŞ', NULL, 43, 15, NULL),
(661, 'BOŞ', NULL, 44, 1, NULL),
(662, 'BOŞ', NULL, 44, 2, NULL),
(663, 'BOŞ', NULL, 44, 3, NULL),
(664, 'BOŞ', NULL, 44, 4, NULL),
(665, 'BOŞ', NULL, 44, 5, NULL),
(666, 'BOŞ', NULL, 44, 6, NULL),
(667, 'BOŞ', NULL, 44, 7, NULL),
(668, 'BOŞ', NULL, 44, 8, NULL),
(669, 'BOŞ', NULL, 44, 9, NULL),
(670, 'BOŞ', NULL, 44, 10, NULL),
(671, 'BOŞ', NULL, 44, 11, NULL),
(672, 'BOŞ', NULL, 44, 12, NULL),
(673, 'BOŞ', NULL, 44, 13, NULL),
(674, 'BOŞ', NULL, 44, 14, NULL),
(675, 'BOŞ', NULL, 44, 15, NULL),
(676, 'BOŞ', NULL, 45, 1, NULL),
(677, 'BOŞ', NULL, 45, 2, NULL),
(678, 'BOŞ', NULL, 45, 3, NULL),
(679, 'BOŞ', NULL, 45, 4, NULL),
(680, 'BOŞ', NULL, 45, 5, NULL),
(681, 'BOŞ', NULL, 45, 6, NULL),
(682, 'BOŞ', NULL, 45, 7, NULL),
(683, 'BOŞ', NULL, 45, 8, NULL),
(684, 'BOŞ', NULL, 45, 9, NULL),
(685, 'BOŞ', NULL, 45, 10, NULL),
(686, 'BOŞ', NULL, 45, 11, NULL),
(687, 'BOŞ', NULL, 45, 12, NULL),
(688, 'BOŞ', NULL, 45, 13, NULL),
(689, 'BOŞ', NULL, 45, 14, NULL),
(690, 'BOŞ', NULL, 45, 15, NULL),
(691, 'BOŞ', NULL, 46, 1, NULL),
(692, 'BOŞ', NULL, 46, 2, NULL),
(693, 'BOŞ', NULL, 46, 3, NULL),
(694, 'BOŞ', NULL, 46, 4, NULL),
(695, 'BOŞ', NULL, 46, 5, NULL),
(696, 'BOŞ', NULL, 46, 6, NULL),
(697, 'BOŞ', NULL, 46, 7, NULL),
(698, 'BOŞ', NULL, 46, 8, NULL),
(699, 'BOŞ', NULL, 46, 9, NULL),
(700, 'BOŞ', NULL, 46, 10, NULL),
(701, 'BOŞ', NULL, 46, 11, NULL),
(702, 'BOŞ', NULL, 46, 12, NULL),
(703, 'BOŞ', NULL, 46, 13, NULL),
(704, 'BOŞ', NULL, 46, 14, NULL),
(705, 'BOŞ', NULL, 46, 15, NULL),
(706, 'BOŞ', NULL, 47, 1, NULL),
(707, 'BOŞ', NULL, 47, 2, NULL),
(708, 'BOŞ', NULL, 47, 3, NULL),
(709, 'BOŞ', NULL, 47, 4, NULL),
(710, 'BOŞ', NULL, 47, 5, NULL),
(711, 'BOŞ', NULL, 47, 6, NULL),
(712, 'BOŞ', NULL, 47, 7, NULL),
(713, 'BOŞ', NULL, 47, 8, NULL),
(714, 'BOŞ', NULL, 47, 9, NULL),
(715, 'BOŞ', NULL, 47, 10, NULL),
(716, 'BOŞ', NULL, 47, 11, NULL),
(717, 'BOŞ', NULL, 47, 12, NULL),
(718, 'BOŞ', NULL, 47, 13, NULL),
(719, 'BOŞ', NULL, 47, 14, NULL),
(720, 'BOŞ', NULL, 47, 15, NULL),
(721, 'BOŞ', NULL, 48, 1, NULL),
(722, 'BOŞ', NULL, 48, 2, NULL),
(723, 'BOŞ', NULL, 48, 3, NULL),
(724, 'BOŞ', NULL, 48, 4, NULL),
(725, 'BOŞ', NULL, 48, 5, NULL),
(726, 'BOŞ', NULL, 48, 6, NULL),
(727, 'BOŞ', NULL, 48, 7, NULL),
(728, 'BOŞ', NULL, 48, 8, NULL),
(729, 'BOŞ', NULL, 48, 9, NULL),
(730, 'BOŞ', NULL, 48, 10, NULL),
(731, 'BOŞ', NULL, 48, 11, NULL),
(732, 'BOŞ', NULL, 48, 12, NULL),
(733, 'BOŞ', NULL, 48, 13, NULL),
(734, 'BOŞ', NULL, 48, 14, NULL),
(735, 'BOŞ', NULL, 48, 15, NULL),
(736, 'BOŞ', NULL, 49, 1, NULL),
(737, 'BOŞ', NULL, 49, 2, NULL),
(738, 'BOŞ', NULL, 49, 3, NULL),
(739, 'BOŞ', NULL, 49, 4, NULL),
(740, 'BOŞ', NULL, 49, 5, NULL),
(741, 'BOŞ', NULL, 49, 6, NULL),
(742, 'BOŞ', NULL, 49, 7, NULL),
(743, 'BOŞ', NULL, 49, 8, NULL),
(744, 'BOŞ', NULL, 49, 9, NULL),
(745, 'BOŞ', NULL, 49, 10, NULL),
(746, 'BOŞ', NULL, 49, 11, NULL),
(747, 'BOŞ', NULL, 49, 12, NULL),
(748, 'BOŞ', NULL, 49, 13, NULL),
(749, 'BOŞ', NULL, 49, 14, NULL),
(750, 'BOŞ', NULL, 49, 15, NULL),
(751, 'BOŞ', NULL, 50, 1, NULL),
(752, 'BOŞ', NULL, 50, 2, NULL),
(753, 'BOŞ', NULL, 50, 3, NULL),
(754, 'BOŞ', NULL, 50, 4, NULL),
(755, 'BOŞ', NULL, 50, 5, NULL),
(756, 'BOŞ', NULL, 50, 6, NULL),
(757, 'BOŞ', NULL, 50, 7, NULL),
(758, 'BOŞ', NULL, 50, 8, NULL),
(759, 'BOŞ', NULL, 50, 9, NULL),
(760, 'BOŞ', NULL, 50, 10, NULL),
(761, 'BOŞ', NULL, 50, 11, NULL),
(762, 'BOŞ', NULL, 50, 12, NULL),
(763, 'BOŞ', NULL, 50, 13, NULL),
(764, 'BOŞ', NULL, 50, 14, NULL),
(765, 'BOŞ', NULL, 50, 15, NULL),
(766, 'BOŞ', NULL, 51, 1, NULL),
(767, 'BOŞ', NULL, 51, 2, NULL),
(768, 'BOŞ', NULL, 51, 3, NULL),
(769, 'BOŞ', NULL, 51, 4, NULL),
(770, 'BOŞ', NULL, 51, 5, NULL),
(771, 'BOŞ', NULL, 51, 6, NULL),
(772, 'BOŞ', NULL, 51, 7, NULL),
(773, 'BOŞ', NULL, 51, 8, NULL),
(774, 'BOŞ', NULL, 51, 9, NULL),
(775, 'BOŞ', NULL, 51, 10, NULL),
(776, 'BOŞ', NULL, 51, 11, NULL),
(777, 'BOŞ', NULL, 51, 12, NULL),
(778, 'BOŞ', NULL, 51, 13, NULL),
(779, 'BOŞ', NULL, 51, 14, NULL),
(780, 'BOŞ', NULL, 51, 15, NULL),
(781, 'BOŞ', NULL, 52, 1, NULL),
(782, 'BOŞ', NULL, 52, 2, NULL),
(783, 'BOŞ', NULL, 52, 3, NULL),
(784, 'BOŞ', NULL, 52, 4, NULL),
(785, 'BOŞ', NULL, 52, 5, NULL),
(786, 'BOŞ', NULL, 52, 6, NULL),
(787, 'BOŞ', NULL, 52, 7, NULL),
(788, 'BOŞ', NULL, 52, 8, NULL),
(789, 'BOŞ', NULL, 52, 9, NULL),
(790, 'BOŞ', NULL, 52, 10, NULL),
(791, 'BOŞ', NULL, 52, 11, NULL),
(792, 'BOŞ', NULL, 52, 12, NULL),
(793, 'BOŞ', NULL, 52, 13, NULL),
(794, 'BOŞ', NULL, 52, 14, NULL),
(795, 'BOŞ', NULL, 52, 15, NULL),
(796, 'BOŞ', NULL, 53, 1, NULL),
(797, 'BOŞ', NULL, 53, 2, NULL),
(798, 'BOŞ', NULL, 53, 3, NULL),
(799, 'BOŞ', NULL, 53, 4, NULL),
(800, 'BOŞ', NULL, 53, 5, NULL),
(801, 'BOŞ', NULL, 53, 6, NULL),
(802, 'BOŞ', NULL, 53, 7, NULL),
(803, 'BOŞ', NULL, 53, 8, NULL),
(804, 'BOŞ', NULL, 53, 9, NULL),
(805, 'BOŞ', NULL, 53, 10, NULL),
(806, 'BOŞ', NULL, 53, 11, NULL),
(807, 'BOŞ', NULL, 53, 12, NULL),
(808, 'BOŞ', NULL, 53, 13, NULL),
(809, 'BOŞ', NULL, 53, 14, NULL),
(810, 'BOŞ', NULL, 53, 15, NULL),
(811, 'BOŞ', NULL, 54, 1, NULL),
(812, 'BOŞ', NULL, 54, 2, NULL),
(813, 'BOŞ', NULL, 54, 3, NULL),
(814, 'BOŞ', NULL, 54, 4, NULL),
(815, 'BOŞ', NULL, 54, 5, NULL),
(816, 'BOŞ', NULL, 54, 6, NULL),
(817, 'BOŞ', NULL, 54, 7, NULL),
(818, 'BOŞ', NULL, 54, 8, NULL),
(819, 'BOŞ', NULL, 54, 9, NULL),
(820, 'BOŞ', NULL, 54, 10, NULL),
(821, 'BOŞ', NULL, 54, 11, NULL),
(822, 'BOŞ', NULL, 54, 12, NULL),
(823, 'BOŞ', NULL, 54, 13, NULL),
(824, 'BOŞ', NULL, 54, 14, NULL),
(825, 'BOŞ', NULL, 54, 15, NULL),
(826, 'BOŞ', NULL, 55, 1, NULL),
(827, 'BOŞ', NULL, 55, 2, NULL),
(828, 'BOŞ', NULL, 55, 3, NULL),
(829, 'BOŞ', NULL, 55, 4, NULL),
(830, 'BOŞ', NULL, 55, 5, NULL),
(831, 'BOŞ', NULL, 55, 6, NULL),
(832, 'BOŞ', NULL, 55, 7, NULL),
(833, 'BOŞ', NULL, 55, 8, NULL),
(834, 'BOŞ', NULL, 55, 9, NULL),
(835, 'BOŞ', NULL, 55, 10, NULL),
(836, 'BOŞ', NULL, 55, 11, NULL),
(837, 'BOŞ', NULL, 55, 12, NULL),
(838, 'BOŞ', NULL, 55, 13, NULL),
(839, 'BOŞ', NULL, 55, 14, NULL),
(840, 'BOŞ', NULL, 55, 15, NULL),
(841, 'BOŞ', NULL, 56, 1, NULL),
(842, 'BOŞ', NULL, 56, 2, NULL),
(843, 'BOŞ', NULL, 56, 3, NULL),
(844, 'BOŞ', NULL, 56, 4, NULL),
(845, 'BOŞ', NULL, 56, 5, NULL),
(846, 'BOŞ', NULL, 56, 6, NULL),
(847, 'BOŞ', NULL, 56, 7, NULL),
(848, 'BOŞ', NULL, 56, 8, NULL),
(849, 'BOŞ', NULL, 56, 9, NULL),
(850, 'BOŞ', NULL, 56, 10, NULL),
(851, 'BOŞ', NULL, 56, 11, NULL),
(852, 'BOŞ', NULL, 56, 12, NULL),
(853, 'BOŞ', NULL, 56, 13, NULL),
(854, 'BOŞ', NULL, 56, 14, NULL),
(855, 'BOŞ', NULL, 56, 15, NULL),
(856, 'BOŞ', NULL, 57, 1, NULL),
(857, 'BOŞ', NULL, 57, 2, NULL),
(858, 'BOŞ', NULL, 57, 3, NULL),
(859, 'BOŞ', NULL, 57, 4, NULL),
(860, 'BOŞ', NULL, 57, 5, NULL),
(861, 'BOŞ', NULL, 57, 6, NULL),
(862, 'BOŞ', NULL, 57, 7, NULL),
(863, 'BOŞ', NULL, 57, 8, NULL),
(864, 'BOŞ', NULL, 57, 9, NULL),
(865, 'BOŞ', NULL, 57, 10, NULL),
(866, 'BOŞ', NULL, 57, 11, NULL),
(867, 'BOŞ', NULL, 57, 12, NULL),
(868, 'BOŞ', NULL, 57, 13, NULL),
(869, 'BOŞ', NULL, 57, 14, NULL),
(870, 'BOŞ', NULL, 57, 15, NULL),
(871, 'BOŞ', NULL, 58, 1, NULL),
(872, 'BOŞ', NULL, 58, 2, NULL),
(873, 'BOŞ', NULL, 58, 3, NULL),
(874, 'BOŞ', NULL, 58, 4, NULL),
(875, 'BOŞ', NULL, 58, 5, NULL),
(876, 'BOŞ', NULL, 58, 6, NULL),
(877, 'BOŞ', NULL, 58, 7, NULL),
(878, 'BOŞ', NULL, 58, 8, NULL),
(879, 'BOŞ', NULL, 58, 9, NULL),
(880, 'BOŞ', NULL, 58, 10, NULL),
(881, 'BOŞ', NULL, 58, 11, NULL),
(882, 'BOŞ', NULL, 58, 12, NULL),
(883, 'BOŞ', NULL, 58, 13, NULL),
(884, 'BOŞ', NULL, 58, 14, NULL),
(885, 'BOŞ', NULL, 58, 15, NULL),
(886, 'BOŞ', NULL, 59, 1, NULL),
(887, 'BOŞ', NULL, 59, 2, NULL),
(888, 'BOŞ', NULL, 59, 3, NULL),
(889, 'BOŞ', NULL, 59, 4, NULL),
(890, 'BOŞ', NULL, 59, 5, NULL),
(891, 'BOŞ', NULL, 59, 6, NULL),
(892, 'BOŞ', NULL, 59, 7, NULL),
(893, 'BOŞ', NULL, 59, 8, NULL),
(894, 'BOŞ', NULL, 59, 9, NULL),
(895, 'BOŞ', NULL, 59, 10, NULL),
(896, 'BOŞ', NULL, 59, 11, NULL),
(897, 'BOŞ', NULL, 59, 12, NULL),
(898, 'BOŞ', NULL, 59, 13, NULL),
(899, 'BOŞ', NULL, 59, 14, NULL),
(900, 'BOŞ', NULL, 59, 15, NULL),
(901, 'BOŞ', NULL, 60, 1, NULL),
(902, 'BOŞ', NULL, 60, 2, NULL),
(903, 'BOŞ', NULL, 60, 3, NULL),
(904, 'BOŞ', NULL, 60, 4, NULL),
(905, 'BOŞ', NULL, 60, 5, NULL),
(906, 'BOŞ', NULL, 60, 6, NULL),
(907, 'BOŞ', NULL, 60, 7, NULL),
(908, 'BOŞ', NULL, 60, 8, NULL),
(909, 'BOŞ', NULL, 60, 9, NULL),
(910, 'BOŞ', NULL, 60, 10, NULL),
(911, 'BOŞ', NULL, 60, 11, NULL),
(912, 'BOŞ', NULL, 60, 12, NULL),
(913, 'BOŞ', NULL, 60, 13, NULL),
(914, 'BOŞ', NULL, 60, 14, NULL),
(915, 'BOŞ', NULL, 60, 15, NULL),
(916, 'BOŞ', NULL, 61, 1, NULL),
(917, 'BOŞ', NULL, 61, 2, NULL),
(918, 'BOŞ', NULL, 61, 3, NULL),
(919, 'BOŞ', NULL, 61, 4, NULL),
(920, 'BOŞ', NULL, 61, 5, NULL),
(921, 'BOŞ', NULL, 61, 6, NULL),
(922, 'BOŞ', NULL, 61, 7, NULL),
(923, 'BOŞ', NULL, 61, 8, NULL),
(924, 'BOŞ', NULL, 61, 9, NULL),
(925, 'BOŞ', NULL, 61, 10, NULL),
(926, 'BOŞ', NULL, 61, 11, NULL),
(927, 'BOŞ', NULL, 61, 12, NULL),
(928, 'BOŞ', NULL, 61, 13, NULL),
(929, 'BOŞ', NULL, 61, 14, NULL),
(930, 'BOŞ', NULL, 61, 15, NULL),
(931, 'BOŞ', NULL, 62, 1, NULL),
(932, 'BOŞ', NULL, 62, 2, NULL),
(933, 'BOŞ', NULL, 62, 3, NULL),
(934, 'BOŞ', NULL, 62, 4, NULL),
(935, 'BOŞ', NULL, 62, 5, NULL),
(936, 'BOŞ', NULL, 62, 6, NULL),
(937, 'BOŞ', NULL, 62, 7, NULL),
(938, 'BOŞ', NULL, 62, 8, NULL),
(939, 'BOŞ', NULL, 62, 9, NULL),
(940, 'BOŞ', NULL, 62, 10, NULL),
(941, 'BOŞ', NULL, 62, 11, NULL),
(942, 'BOŞ', NULL, 62, 12, NULL),
(943, 'BOŞ', NULL, 62, 13, NULL),
(944, 'BOŞ', NULL, 62, 14, NULL),
(945, 'BOŞ', NULL, 62, 15, NULL),
(946, 'BOŞ', NULL, 63, 1, NULL),
(947, 'BOŞ', NULL, 63, 2, NULL),
(948, 'BOŞ', NULL, 63, 3, NULL),
(949, 'BOŞ', NULL, 63, 4, NULL),
(950, 'BOŞ', NULL, 63, 5, NULL),
(951, 'BOŞ', NULL, 63, 6, NULL),
(952, 'BOŞ', NULL, 63, 7, NULL),
(953, 'BOŞ', NULL, 63, 8, NULL),
(954, 'BOŞ', NULL, 63, 9, NULL),
(955, 'BOŞ', NULL, 63, 10, NULL),
(956, 'BOŞ', NULL, 63, 11, NULL),
(957, 'BOŞ', NULL, 63, 12, NULL),
(958, 'BOŞ', NULL, 63, 13, NULL),
(959, 'BOŞ', NULL, 63, 14, NULL),
(960, 'BOŞ', NULL, 63, 15, NULL),
(961, 'BOŞ', NULL, 64, 1, NULL),
(962, 'BOŞ', NULL, 64, 2, NULL),
(963, 'BOŞ', NULL, 64, 3, NULL),
(964, 'BOŞ', NULL, 64, 4, NULL),
(965, 'BOŞ', NULL, 64, 5, NULL),
(966, 'BOŞ', NULL, 64, 6, NULL),
(967, 'BOŞ', NULL, 64, 7, NULL),
(968, 'BOŞ', NULL, 64, 8, NULL),
(969, 'BOŞ', NULL, 64, 9, NULL),
(970, 'BOŞ', NULL, 64, 10, NULL),
(971, 'BOŞ', NULL, 64, 11, NULL),
(972, 'BOŞ', NULL, 64, 12, NULL),
(973, 'BOŞ', NULL, 64, 13, NULL),
(974, 'BOŞ', NULL, 64, 14, NULL),
(975, 'BOŞ', NULL, 64, 15, NULL);

-- --------------------------------------------------------

--
-- Tablo için tablo yapısı `kullanici`
--

CREATE TABLE `kullanici` (
  `k_id` int(11) NOT NULL,
  `ad` text NOT NULL,
  `soyad` text NOT NULL,
  `tc` text NOT NULL,
  `dogumTarihi` date NOT NULL,
  `telefon` text NOT NULL,
  `cinsiyet` char(1) NOT NULL,
  `medeniDurum` char(1) NOT NULL,
  `eposta` text NOT NULL,
  `parola` int(8) NOT NULL,
  `kayitTarihi` datetime NOT NULL DEFAULT current_timestamp(),
  `uyelik_tipi` varchar(10) NOT NULL DEFAULT 'Normal'
) ENGINE=InnoDB DEFAULT CHARSET=utf8mb4;

--
-- Tablo döküm verisi `kullanici`
--

INSERT INTO `kullanici` (`k_id`, `ad`, `soyad`, `tc`, `dogumTarihi`, `telefon`, `cinsiyet`, `medeniDurum`, `eposta`, `parola`, `kayitTarihi`, `uyelik_tipi`) VALUES
(2, 'ozge', 'unal', '1234', '2000-11-09', '123456', 'k', 'b', 'ozge', 1, '2010-05-08 14:12:55', 'VIP'),
(3, 'aybüke', 'temiz', '1', '1993-07-02', '54595338', 'k', 'e', 'aybuke', 1, '2018-05-08 14:12:55', 'Daimi Üye'),
(4, 'ali', 'shdhs', '22222', '2001-01-01', '345677654', 'e', 'b', 'ali', 1, '2024-05-10 13:58:36', 'Normal');

-- --------------------------------------------------------

--
-- Tablo için tablo yapısı `ucus`
--

CREATE TABLE `ucus` (
  `id` int(11) NOT NULL,
  `nereden` varchar(50) NOT NULL,
  `nereye` varchar(50) NOT NULL,
  `kalkis_saati` time NOT NULL,
  `varis_saati` time NOT NULL,
  `gun` varchar(100) DEFAULT NULL,
  `fiyat` double NOT NULL,
  `ucus_sıklığı` varchar(20) DEFAULT NULL,
  `son_uctugu_gun` date DEFAULT NULL
) ENGINE=InnoDB DEFAULT CHARSET=utf8mb4;

--
-- Tablo döküm verisi `ucus`
--

INSERT INTO `ucus` (`id`, `nereden`, `nereye`, `kalkis_saati`, `varis_saati`, `gun`, `fiyat`, `ucus_sıklığı`, `son_uctugu_gun`) VALUES
(1, 'İstanbul', 'Ankara', '02:00:00', '03:10:00', 'Pazartesi, Salı, Çarşamba, Perşembe, Cuma, Cumartesi, Pazar', 1400, 'Her gün', '2024-05-08'),
(2, 'İstanbul', 'Ankara', '06:00:00', '07:15:00', 'Pazartesi, Salı, Çarşamba, Perşembe, Cuma, Cumartesi, Pazar', 1400, 'Her gün', '2024-05-08'),
(3, 'İstanbul', 'Ankara', '10:00:00', '11:20:00', 'Pazartesi, Salı, Çarşamba, Perşembe, Cuma, Cumartesi, Pazar', 1700, 'Her gün', '2024-05-08'),
(4, 'İstanbul', 'Ankara', '13:00:00', '14:15:00', 'Pazartesi, Salı, Çarşamba, Perşembe, Cuma, Cumartesi, Pazar', 2063, 'Her gün', '2024-05-08'),
(5, 'İstanbul', 'Ankara', '16:00:00', '17:10:00', 'Pazartesi, Salı, Çarşamba, Perşembe, Cuma, Cumartesi, Pazar', 1400, 'Her gün', '2024-05-08'),
(6, 'İstanbul', 'Ankara', '19:00:00', '20:10:00', 'Pazartesi, Salı, Çarşamba, Perşembe, Cuma, Cumartesi, Pazar', 1400, 'Her gün', '2024-05-08'),
(7, 'İstanbul', 'Ankara', '22:00:00', '23:15:00', 'Pazartesi, Salı, Çarşamba, Perşembe, Cuma, Cumartesi, Pazar', 1700, 'Her gün', '2024-05-08'),
(8, 'İstanbul', 'Ankara', '23:55:00', '01:05:00', 'Pazartesi, Salı, Çarşamba, Perşembe, Cuma, Cumartesi, Pazar', 2063, 'Her gün', '2024-05-08'),
(10, 'Ankara', 'İstanbul', '03:10:00', '04:25:00', 'Pazartesi, Salı, Çarşamba,Perşembe, Cuma, Cumartesi, Pazar', 2063, 'Hergün', '2024-05-08'),
(11, 'Ankara', 'İstanbul', '06:35:00', '08:00:00', 'Pazartesi, Salı, Çarşamba,Perşembe, Cuma, Cumartesi, Pazar', 2063, 'Hergün', '2024-05-08'),
(12, 'Ankara', 'İstanbul', '08:55:00', '10:10:00', 'Pazartesi, Salı, Çarşamba,Perşembe, Cuma, Cumartesi, Pazar', 2063, 'Hergün', '2024-05-08'),
(13, 'Ankara', 'İstanbul', '12:05:00', '13:30:00', 'Pazartesi, Salı, Çarşamba,Perşembe, Cuma, Cumartesi, Pazar', 2063, 'Hergün', '2024-05-08'),
(14, 'Ankara', 'İstanbul', '15:00:00', '16:20:00', 'Pazartesi, Salı, Çarşamba,Perşembe, Cuma, Cumartesi, Pazar', 2063, 'Hergün', '2024-05-08'),
(15, 'Ankara', 'İstanbul', '19:55:00', '21:15:00', 'Pazartesi, Salı, Çarşamba,Perşembe, Cuma, Cumartesi, Pazar', 1700, 'Hergün', '2024-05-08'),
(16, 'Ankara', 'İstanbul', '20:55:00', '22:10:00', 'Pazartesi, Salı, Çarşamba,Perşembe, Cuma, Cumartesi, Pazar', 2063, 'Hergün', '2024-05-08'),
(17, 'Ankara', 'İstanbul', '22:55:00', '00:15:00', 'Pazartesi, Salı, Çarşamba,Perşembe, Cuma, Cumartesi, Pazar', 2063, 'Hergün', '2024-05-08'),
(18, 'İstanbul', 'İzmir', '02:00:00', '03:15:00', 'Pazartesi, Salı, Çarşamba,Perşembe, Cuma, Cumartesi, Pazar', 2063, 'Hergün', '2024-05-08'),
(19, 'İstanbul', 'İzmir', '08:00:00', '09:15:00', 'Pazartesi, Salı, Çarşamba,Perşembe, Cuma, Cumartesi, Pazar', 2063, 'Hergün', '2024-05-08'),
(20, 'İstanbul', 'İzmir', '13:00:00', '14:15:00', 'Pazartesi, Salı, Çarşamba,Perşembe, Cuma, Cumartesi, Pazar', 2063, 'Hergün', '2024-05-08'),
(21, 'İstanbul', 'İzmir', '17:00:00', '18:15:00', 'Pazartesi, Salı, Çarşamba,Perşembe, Cuma, Cumartesi, Pazar', 2063, 'Hergün', '2024-05-08'),
(22, 'İstanbul', 'İzmir', '22:00:00', '23:15:00', 'Pazartesi, Salı, Çarşamba,Perşembe, Cuma, Cumartesi, Pazar', 2063, 'Hergün', '2024-05-08'),
(23, 'İzmir', 'İstanbul', '03:10:00', '04:30:00', 'Pazartesi, Salı, Çarşamba,Perşembe, Cuma, Cumartesi, Pazar', 2063, 'Hergün', '2024-05-08'),
(24, 'İzmir', 'İstanbul', '07:50:00', '09:15:00', 'Pazartesi, Salı, Çarşamba,Perşembe, Cuma, Cumartesi, Pazar', 2063, 'Hergün', '2024-05-08'),
(25, 'İzmir', 'İstanbul', '17:00:00', '08:25:00', 'Pazartesi, Salı, Çarşamba,Perşembe, Cuma, Cumartesi, Pazar', 2063, 'Hergün', '2024-05-08'),
(26, 'İzmir', 'İstanbul', '23:00:00', '00:25:00', 'Pazartesi, Salı, Çarşamba,Perşembe, Cuma, Cumartesi, Pazar', 2063, 'Hergün', '2024-05-08'),
(27, 'İstanbul', 'Antalya', '06:20:00', '07:45:00', 'Pazartesi, Salı, Çarşamba,Perşembe, Cuma, Cumartesi, Pazar', 2063, 'Hergün', '2024-05-08'),
(28, 'İstanbul', 'Antalya', '15:10:00', '16:40:00', 'Pazartesi, Salı, Çarşamba,Perşembe, Cuma, Cumartesi, Pazar', 2063, 'Hergün', '2024-05-08'),
(29, 'İstanbul', 'Antalya', '21:05:00', '22:30:00', 'Pazartesi, Salı, Çarşamba,Perşembe, Cuma, Cumartesi, Pazar', 2063, 'Hergün', '2024-05-08'),
(30, 'İstanbul', 'Antalya', '01:30:00', '02:05:00', 'Pazartesi, Salı, Çarşamba,Perşembe, Cuma, Cumartesi, Pazar', 6784, 'Hergün', '2024-05-08'),
(31, 'Antalya', 'İstanbul', '05:10:00', '06:45:00', 'Pazartesi, Salı, Çarşamba,Perşembe, Cuma, Cumartesi, Pazar', 2063, 'Hergün', '2024-05-08'),
(32, 'Antalya', 'İstanbul', '14:30:00', '16:05:00', 'Pazartesi, Salı, Çarşamba,Perşembe, Cuma, Cumartesi, Pazar', 2063, 'Hergün', '2024-05-08'),
(33, 'Antalya', 'İstanbul', '20:35:00', '22:10:00', 'Pazartesi, Salı, Çarşamba,Perşembe, Cuma, Cumartesi, Pazar', 2063, 'Hergün', '2024-05-08'),
(34, 'Antalya', 'İstanbul', '00:20:00', '01:50:00', 'Pazartesi, Salı, Çarşamba,Perşembe, Cuma, Cumartesi, Pazar', 2063, 'Hergün', '2024-05-08'),
(35, 'İstanbul', 'Van', '08:40:00', '10:50:00', 'Perşembe, Pazar', 2063, 'Haftada iki', '2024-05-09'),
(36, 'İstanbul', 'Van', '16:55:00', '19:10:00', 'Perşembe, Pazar', 2063, 'Haftada iki', '2024-05-09'),
(37, 'Van', 'İstanbul', '11:45:00', '14:15:00', 'Perşembe, Pazar', 2063, 'Haftada iki', '2024-05-09'),
(38, 'Van', 'İstanbul', '18:10:00', '20:40:00', 'Perşembe, Pazar', 2063, 'Haftada iki', '2024-05-09'),
(39, 'İstanbul', 'Trabzon', '06:05:00', '07:50:00', 'Salı, Cumartesi', 2063, 'Haftada iki', '2024-05-09'),
(40, 'İstanbul', 'Trabzon', '19:55:00', '21:45:00', 'Salı, Cumartesi', 2063, 'Haftada iki', '2024-05-09'),
(41, 'Trabzon', 'İstanbul', '12:05:00', '14:10:00', 'Salı, Cumartesi', 1856, 'Haftada iki', '2024-05-09'),
(42, 'Trabzon', 'İstanbul', '22:30:00', '00:30:00', 'Salı, Cumartesi', 1856, 'Haftada iki', '2024-05-09'),
(43, 'İstanbul', 'Gaziantep', '03:20:00', '05:10:00', 'Pazartesi, Salı, Çarşamba,Perşembe, Cuma, Cumartesi, Pazar', 2063, 'Hergün', '2024-05-08'),
(44, 'İstanbul', 'Gaziantep', '15:20:00', '17:10:00', 'Pazartesi, Salı, Çarşamba,Perşembe, Cuma, Cumartesi, Pazar', 2063, 'Hergün', '2024-05-08'),
(45, 'Gaziantep', 'İstanbul', '05:55:00', '07:50:00', 'Pazartesi, Salı, Çarşamba,Perşembe, Cuma, Cumartesi, Pazar', 2063, 'Hergün', '2024-05-08'),
(46, 'Gaziantep', 'İstanbul', '17:55:00', '19:50:00', 'Pazartesi, Salı, Çarşamba,Perşembe, Cuma, Cumartesi, Pazar', 2063, 'Hergün', '2024-05-08'),
(47, 'Ankara', 'Çanakkale', '20:30:00', '21:50:00', 'Pazartesi, Cuma', 1201, 'Haftada iki', '2024-05-08'),
(48, 'Çanakkale', 'Ankara', '08:25:00', '09:40:00', 'Pazartesi, Cuma', 1201, 'Haftada iki', '2024-05-08'),
(49, 'Ankara', 'İzmir', '08:55:00', '12:15:00', 'Pazartesi, Salı, Çarşamba, Perşembe, Cuma, Cumartesi, Pazar', 3542, 'Hergün', '2024-05-08'),
(50, 'Ankara', 'İzmir', '12:05:00', '16:15:00', 'Pazartesi, Salı, Çarşamba, Perşembe, Cuma, Cumartesi, Pazar', 3542, 'Hergün', '2024-05-08'),
(51, 'Ankara', 'İzmir', '18:05:00', '22:15:00', 'Pazartesi, Salı, Çarşamba, Perşembe, Cuma, Cumartesi, Pazar', 3542, 'Hergün', '2024-05-08'),
(52, 'Ankara', 'İzmir', '22:55:00', '03:15:00', 'Pazartesi, Salı, Çarşamba, Perşembe, Cuma, Cumartesi, Pazar', 3542, 'Hergün', '2024-05-08'),
(53, 'İzmir', 'Ankara', '07:50:00', '11:20:00', 'Pazartesi, Salı, Çarşamba, Perşembe, Cuma, Cumartesi, Pazar', 3542, 'Hergün', '2024-05-08'),
(54, 'İzmir', 'Ankara', '13:00:00', '17:10:00', 'Pazartesi, Salı, Çarşamba, Perşembe, Cuma, Cumartesi, Pazar', 3542, 'Hergün', '2024-05-08'),
(55, 'İzmir', 'Ankara', '18:00:00', '22:10:00', 'Pazartesi, Salı, Çarşamba, Perşembe, Cuma, Cumartesi, Pazar', 3542, 'Hergün', '2024-05-08'),
(56, 'İzmir', 'Ankara', '19:00:00', '01:05:00', 'Pazartesi, Salı, Çarşamba, Perşembe, Cuma, Cumartesi, Pazar', 3542, 'Hergün', '2024-05-08'),
(57, 'Ankara', 'Antalya', '13:00:00', '16:40:00', 'Pazartesi, Salı, Çarşamba, Perşembe, Cuma, Cumartesi, Pazar', 3541, 'Hergün', '2024-05-08'),
(58, 'Ankara', 'Antalya', '19:55:00', '23:35:00', 'Pazartesi, Salı, Çarşamba, Perşembe, Cuma, Cumartesi, Pazar', 3541, 'Hergün', '2024-05-08'),
(59, 'Antalya', 'Ankara', '05:10:00', '09:15:00', 'Pazartesi, Salı, Çarşamba, Perşembe, Cuma, Cumartesi, Pazar', 3541, 'Hergün', '2024-05-08'),
(60, 'Antalya', 'Ankara', '18:45:00', '23:15:00', 'Pazartesi, Salı, Çarşamba, Perşembe, Cuma, Cumartesi, Pazar', 3541, 'Hergün', '2024-05-08'),
(61, 'Ankara', 'Gaziantep', '10:00:00', '14:20:00', 'Pazartesi, Salı, Çarşamba, Perşembe, Cuma, Cumartesi, Pazar', 3541, 'Hergün', '2024-05-08'),
(62, 'Gaziantep', 'Ankara', '15:05:00', '19:10:00', 'Pazartesi, Salı, Çarşamba, Perşembe, Cuma, Cumartesi, Pazar', 3463, 'Hergün', '2024-05-08'),
(63, 'İzmir', 'Antalya', '22:00:00', '23:05:00', 'Pazartesi, Salı, Çarşamba, Perşembe, Cuma, Cumartesi, Pazar', 1219, 'Hergün', '2024-05-08'),
(64, 'Antalya', 'İzmir', '12:10:00', '13:20:00', 'Pazartesi, Salı, Çarşamba, Perşembe, Cuma, Cumartesi, Pazar', 1429, 'Hergün', '2024-05-08');

--
-- Dökümü yapılmış tablolar için indeksler
--

--
-- Tablo için indeksler `bilet`
--
ALTER TABLE `bilet`
  ADD PRIMARY KEY (`bilet_id`),
  ADD KEY `ucus_id` (`ucus_id`),
  ADD KEY `k_id` (`k_id`);

--
-- Tablo için indeksler `koltuk`
--
ALTER TABLE `koltuk`
  ADD PRIMARY KEY (`koltuk_id`),
  ADD KEY `k_id` (`k_id`),
  ADD KEY `fk_ucus_id` (`ucus_id`),
  ADD KEY `bilet_id` (`bilet_id`);

--
-- Tablo için indeksler `kullanici`
--
ALTER TABLE `kullanici`
  ADD PRIMARY KEY (`k_id`);

--
-- Tablo için indeksler `ucus`
--
ALTER TABLE `ucus`
  ADD PRIMARY KEY (`id`);

--
-- Dökümü yapılmış tablolar için AUTO_INCREMENT değeri
--

--
-- Tablo için AUTO_INCREMENT değeri `bilet`
--
ALTER TABLE `bilet`
  MODIFY `bilet_id` int(11) NOT NULL AUTO_INCREMENT, AUTO_INCREMENT=36;

--
-- Tablo için AUTO_INCREMENT değeri `koltuk`
--
ALTER TABLE `koltuk`
  MODIFY `koltuk_id` int(11) NOT NULL AUTO_INCREMENT, AUTO_INCREMENT=976;

--
-- Tablo için AUTO_INCREMENT değeri `kullanici`
--
ALTER TABLE `kullanici`
  MODIFY `k_id` int(11) NOT NULL AUTO_INCREMENT, AUTO_INCREMENT=5;

--
-- Tablo için AUTO_INCREMENT değeri `ucus`
--
ALTER TABLE `ucus`
  MODIFY `id` int(11) NOT NULL AUTO_INCREMENT, AUTO_INCREMENT=65;

--
-- Dökümü yapılmış tablolar için kısıtlamalar
--

--
-- Tablo kısıtlamaları `bilet`
--
ALTER TABLE `bilet`
  ADD CONSTRAINT `bilet_ibfk_1` FOREIGN KEY (`ucus_id`) REFERENCES `ucus` (`id`),
  ADD CONSTRAINT `bilet_ibfk_2` FOREIGN KEY (`k_id`) REFERENCES `kullanici` (`k_id`);

--
-- Tablo kısıtlamaları `koltuk`
--
ALTER TABLE `koltuk`
  ADD CONSTRAINT `fk_ucus_id` FOREIGN KEY (`ucus_id`) REFERENCES `ucus` (`id`),
  ADD CONSTRAINT `koltuk_ibfk_1` FOREIGN KEY (`k_id`) REFERENCES `kullanici` (`k_id`) ON DELETE SET NULL,
  ADD CONSTRAINT `koltuk_ibfk_2` FOREIGN KEY (`bilet_id`) REFERENCES `bilet` (`bilet_id`);
COMMIT;

/*!40101 SET CHARACTER_SET_CLIENT=@OLD_CHARACTER_SET_CLIENT */;
/*!40101 SET CHARACTER_SET_RESULTS=@OLD_CHARACTER_SET_RESULTS */;
/*!40101 SET COLLATION_CONNECTION=@OLD_COLLATION_CONNECTION */;
