-- phpMyAdmin SQL Dump
-- version 5.2.0
-- https://www.phpmyadmin.net/
--
-- Anamakine: 127.0.0.1
-- Üretim Zamanı: 22 May 2024, 18:49:47
-- Sunucu sürümü: 10.4.25-MariaDB
-- PHP Sürümü: 8.1.10

SET SQL_MODE = "NO_AUTO_VALUE_ON_ZERO";
START TRANSACTION;
SET time_zone = "+00:00";


/*!40101 SET @OLD_CHARACTER_SET_CLIENT=@@CHARACTER_SET_CLIENT */;
/*!40101 SET @OLD_CHARACTER_SET_RESULTS=@@CHARACTER_SET_RESULTS */;
/*!40101 SET @OLD_COLLATION_CONNECTION=@@COLLATION_CONNECTION */;
/*!40101 SET NAMES utf8mb4 */;

--
-- Veritabanı: `havayolu`
--

-- --------------------------------------------------------

--
-- Tablo için tablo yapısı `koltuk`
--

CREATE TABLE `koltuk` (
  `koltuk_id` int(11) NOT NULL,
  `koltukDurumu` enum('BOŞ','DOLU','REZERVE','') NOT NULL DEFAULT 'BOŞ',
  `k_id` int(11) DEFAULT NULL,
  `ucus_id` int(11) DEFAULT NULL,
  `koltuk_no` int(11) NOT NULL
) ENGINE=InnoDB DEFAULT CHARSET=utf8mb4;

--
-- Tablo döküm verisi `koltuk`
--

INSERT INTO `koltuk` (`koltuk_id`, `koltukDurumu`, `k_id`, `ucus_id`, `koltuk_no`) VALUES
(1, 'DOLU', NULL, 1, 1),
(2, 'BOŞ', NULL, 1, 2),
(3, 'REZERVE', 2, 1, 3),
(4, 'REZERVE', 2, 1, 4),
(5, 'REZERVE', 2, 1, 5),
(6, 'BOŞ', NULL, 1, 6),
(7, 'BOŞ', NULL, 1, 7),
(8, 'BOŞ', NULL, 1, 8),
(9, 'BOŞ', NULL, 1, 9),
(10, 'BOŞ', NULL, 1, 10),
(11, 'BOŞ', NULL, 1, 11),
(12, 'BOŞ', NULL, 1, 12),
(13, 'BOŞ', NULL, 1, 13),
(14, 'BOŞ', NULL, 1, 14),
(15, 'BOŞ', NULL, 1, 15),
(16, 'REZERVE', 2, 2, 1),
(17, 'BOŞ', NULL, 2, 2),
(18, 'BOŞ', NULL, 2, 3),
(19, 'BOŞ', NULL, 2, 4),
(20, 'BOŞ', NULL, 2, 5),
(21, 'BOŞ', NULL, 2, 6),
(22, 'BOŞ', NULL, 2, 7),
(23, 'BOŞ', NULL, 2, 8),
(24, 'BOŞ', NULL, 2, 9),
(25, 'BOŞ', NULL, 2, 10),
(26, 'BOŞ', NULL, 2, 11),
(27, 'BOŞ', NULL, 2, 12),
(28, 'BOŞ', NULL, 2, 13),
(29, 'BOŞ', NULL, 2, 14),
(30, 'BOŞ', NULL, 2, 15),
(31, 'BOŞ', NULL, 3, 1),
(32, 'REZERVE', 2, 3, 2),
(33, 'BOŞ', NULL, 3, 3),
(34, 'BOŞ', NULL, 3, 4),
(35, 'BOŞ', NULL, 3, 5),
(36, 'BOŞ', NULL, 3, 6),
(37, 'BOŞ', NULL, 3, 7),
(38, 'BOŞ', NULL, 3, 8),
(39, 'BOŞ', NULL, 3, 9),
(40, 'BOŞ', NULL, 3, 10),
(41, 'BOŞ', NULL, 3, 11),
(42, 'BOŞ', NULL, 3, 12),
(43, 'BOŞ', NULL, 3, 13),
(44, 'BOŞ', NULL, 3, 14),
(45, 'BOŞ', NULL, 3, 15),
(46, 'BOŞ', NULL, 4, 1),
(47, 'BOŞ', NULL, 4, 2),
(48, 'BOŞ', NULL, 4, 3),
(49, 'BOŞ', NULL, 4, 4),
(50, 'BOŞ', NULL, 4, 5),
(51, 'BOŞ', NULL, 4, 6),
(52, 'BOŞ', NULL, 4, 7),
(53, 'BOŞ', NULL, 4, 8),
(54, 'BOŞ', NULL, 4, 9),
(55, 'BOŞ', NULL, 4, 10),
(56, 'BOŞ', NULL, 4, 11),
(57, 'BOŞ', NULL, 4, 12),
(58, 'BOŞ', NULL, 4, 13),
(59, 'BOŞ', NULL, 4, 14),
(60, 'BOŞ', NULL, 4, 15),
(61, 'BOŞ', NULL, 5, 1),
(62, 'BOŞ', NULL, 5, 2),
(63, 'BOŞ', NULL, 5, 3),
(64, 'BOŞ', NULL, 5, 4),
(65, 'BOŞ', NULL, 5, 5),
(66, 'BOŞ', NULL, 5, 6),
(67, 'BOŞ', NULL, 5, 7),
(68, 'BOŞ', NULL, 5, 8),
(69, 'BOŞ', NULL, 5, 9),
(70, 'BOŞ', NULL, 5, 10),
(71, 'BOŞ', NULL, 5, 11),
(72, 'BOŞ', NULL, 5, 12),
(73, 'BOŞ', NULL, 5, 13),
(74, 'BOŞ', NULL, 5, 14),
(75, 'BOŞ', NULL, 5, 15),
(76, 'BOŞ', NULL, 6, 1),
(77, 'BOŞ', NULL, 6, 2),
(78, 'BOŞ', NULL, 6, 3),
(79, 'BOŞ', NULL, 6, 4),
(80, 'BOŞ', NULL, 6, 5),
(81, 'BOŞ', NULL, 6, 6),
(82, 'BOŞ', NULL, 6, 7),
(83, 'BOŞ', NULL, 6, 8),
(84, 'BOŞ', NULL, 6, 9),
(85, 'BOŞ', NULL, 6, 10),
(86, 'BOŞ', NULL, 6, 11),
(87, 'BOŞ', NULL, 6, 12),
(88, 'BOŞ', NULL, 6, 13),
(89, 'BOŞ', NULL, 6, 14),
(90, 'BOŞ', NULL, 6, 15),
(91, 'BOŞ', NULL, 7, 1),
(92, 'BOŞ', NULL, 7, 2),
(93, 'BOŞ', NULL, 7, 3),
(94, 'BOŞ', NULL, 7, 4),
(95, 'BOŞ', NULL, 7, 5),
(96, 'BOŞ', NULL, 7, 6),
(97, 'BOŞ', NULL, 7, 7),
(98, 'BOŞ', NULL, 7, 8),
(99, 'BOŞ', NULL, 7, 9),
(100, 'BOŞ', NULL, 7, 10),
(101, 'BOŞ', NULL, 7, 11),
(102, 'BOŞ', NULL, 7, 12),
(103, 'BOŞ', NULL, 7, 13),
(104, 'BOŞ', NULL, 7, 14),
(105, 'BOŞ', NULL, 7, 15),
(106, 'BOŞ', NULL, 8, 1),
(107, 'BOŞ', NULL, 8, 2),
(108, 'BOŞ', NULL, 8, 3),
(109, 'BOŞ', NULL, 8, 4),
(110, 'BOŞ', NULL, 8, 5),
(111, 'BOŞ', NULL, 8, 6),
(112, 'BOŞ', NULL, 8, 7),
(113, 'BOŞ', NULL, 8, 8),
(114, 'BOŞ', NULL, 8, 9),
(115, 'BOŞ', NULL, 8, 10),
(116, 'BOŞ', NULL, 8, 11),
(117, 'BOŞ', NULL, 8, 12),
(118, 'BOŞ', NULL, 8, 13),
(119, 'BOŞ', NULL, 8, 14),
(120, 'BOŞ', NULL, 8, 15),
(151, 'BOŞ', NULL, 10, 1),
(152, 'BOŞ', NULL, 10, 2),
(153, 'BOŞ', NULL, 10, 3),
(154, 'BOŞ', NULL, 10, 4),
(155, 'BOŞ', NULL, 10, 5),
(156, 'BOŞ', NULL, 10, 6),
(157, 'BOŞ', NULL, 10, 7),
(158, 'BOŞ', NULL, 10, 8),
(159, 'BOŞ', NULL, 10, 9),
(160, 'BOŞ', NULL, 10, 10),
(161, 'BOŞ', NULL, 10, 11),
(162, 'BOŞ', NULL, 10, 12),
(163, 'BOŞ', NULL, 10, 13),
(164, 'BOŞ', NULL, 10, 14),
(165, 'BOŞ', NULL, 10, 15),
(166, 'BOŞ', NULL, 11, 1),
(167, 'BOŞ', NULL, 11, 2),
(168, 'BOŞ', NULL, 11, 3),
(169, 'BOŞ', NULL, 11, 4),
(170, 'BOŞ', NULL, 11, 5),
(171, 'BOŞ', NULL, 11, 6),
(172, 'BOŞ', NULL, 11, 7),
(173, 'BOŞ', NULL, 11, 8),
(174, 'BOŞ', NULL, 11, 9),
(175, 'BOŞ', NULL, 11, 10),
(176, 'BOŞ', NULL, 11, 11),
(177, 'BOŞ', NULL, 11, 12),
(178, 'BOŞ', NULL, 11, 13),
(179, 'BOŞ', NULL, 11, 14),
(180, 'BOŞ', NULL, 11, 15),
(181, 'BOŞ', NULL, 12, 1),
(182, 'BOŞ', NULL, 12, 2),
(183, 'BOŞ', NULL, 12, 3),
(184, 'BOŞ', NULL, 12, 4),
(185, 'BOŞ', NULL, 12, 5),
(186, 'BOŞ', NULL, 12, 6),
(187, 'BOŞ', NULL, 12, 7),
(188, 'BOŞ', NULL, 12, 8),
(189, 'BOŞ', NULL, 12, 9),
(190, 'BOŞ', NULL, 12, 10),
(191, 'BOŞ', NULL, 12, 11),
(192, 'BOŞ', NULL, 12, 12),
(193, 'BOŞ', NULL, 12, 13),
(194, 'BOŞ', NULL, 12, 14),
(195, 'BOŞ', NULL, 12, 15),
(196, 'BOŞ', NULL, 13, 1),
(197, 'BOŞ', NULL, 13, 2),
(198, 'BOŞ', NULL, 13, 3),
(199, 'BOŞ', NULL, 13, 4),
(200, 'BOŞ', NULL, 13, 5),
(201, 'BOŞ', NULL, 13, 6),
(202, 'BOŞ', NULL, 13, 7),
(203, 'BOŞ', NULL, 13, 8),
(204, 'BOŞ', NULL, 13, 9),
(205, 'BOŞ', NULL, 13, 10),
(206, 'BOŞ', NULL, 13, 11),
(207, 'BOŞ', NULL, 13, 12),
(208, 'BOŞ', NULL, 13, 13),
(209, 'BOŞ', NULL, 13, 14),
(210, 'BOŞ', NULL, 13, 15),
(211, 'BOŞ', NULL, 14, 1),
(212, 'BOŞ', NULL, 14, 2),
(213, 'BOŞ', NULL, 14, 3),
(214, 'BOŞ', NULL, 14, 4),
(215, 'BOŞ', NULL, 14, 5),
(216, 'BOŞ', NULL, 14, 6),
(217, 'BOŞ', NULL, 14, 7),
(218, 'BOŞ', NULL, 14, 8),
(219, 'BOŞ', NULL, 14, 9),
(220, 'BOŞ', NULL, 14, 10),
(221, 'BOŞ', NULL, 14, 11),
(222, 'BOŞ', NULL, 14, 12),
(223, 'BOŞ', NULL, 14, 13),
(224, 'BOŞ', NULL, 14, 14),
(225, 'BOŞ', NULL, 14, 15),
(226, 'BOŞ', NULL, 15, 1),
(227, 'BOŞ', NULL, 15, 2),
(228, 'BOŞ', NULL, 15, 3),
(229, 'BOŞ', NULL, 15, 4),
(230, 'BOŞ', NULL, 15, 5),
(231, 'BOŞ', NULL, 15, 6),
(232, 'BOŞ', NULL, 15, 7),
(233, 'BOŞ', NULL, 15, 8),
(234, 'BOŞ', NULL, 15, 9),
(235, 'BOŞ', NULL, 15, 10),
(236, 'BOŞ', NULL, 15, 11),
(237, 'BOŞ', NULL, 15, 12),
(238, 'BOŞ', NULL, 15, 13),
(239, 'BOŞ', NULL, 15, 14),
(240, 'BOŞ', NULL, 15, 15),
(241, 'BOŞ', NULL, 16, 1),
(242, 'BOŞ', NULL, 16, 2),
(243, 'BOŞ', NULL, 16, 3),
(244, 'BOŞ', NULL, 16, 4),
(245, 'BOŞ', NULL, 16, 5),
(246, 'BOŞ', NULL, 16, 6),
(247, 'BOŞ', NULL, 16, 7),
(248, 'BOŞ', NULL, 16, 8),
(249, 'BOŞ', NULL, 16, 9),
(250, 'BOŞ', NULL, 16, 10),
(251, 'BOŞ', NULL, 16, 11),
(252, 'BOŞ', NULL, 16, 12),
(253, 'BOŞ', NULL, 16, 13),
(254, 'BOŞ', NULL, 16, 14),
(255, 'BOŞ', NULL, 16, 15),
(256, 'BOŞ', NULL, 17, 1),
(257, 'BOŞ', NULL, 17, 2),
(258, 'BOŞ', NULL, 17, 3),
(259, 'BOŞ', NULL, 17, 4),
(260, 'BOŞ', NULL, 17, 5),
(261, 'BOŞ', NULL, 17, 6),
(262, 'BOŞ', NULL, 17, 7),
(263, 'BOŞ', NULL, 17, 8),
(264, 'BOŞ', NULL, 17, 9),
(265, 'BOŞ', NULL, 17, 10),
(266, 'BOŞ', NULL, 17, 11),
(267, 'BOŞ', NULL, 17, 12),
(268, 'BOŞ', NULL, 17, 13),
(269, 'BOŞ', NULL, 17, 14),
(270, 'BOŞ', NULL, 17, 15),
(271, 'BOŞ', NULL, 18, 1),
(272, 'BOŞ', NULL, 18, 2),
(273, 'BOŞ', NULL, 18, 3),
(274, 'BOŞ', NULL, 18, 4),
(275, 'BOŞ', NULL, 18, 5),
(276, 'BOŞ', NULL, 18, 6),
(277, 'BOŞ', NULL, 18, 7),
(278, 'BOŞ', NULL, 18, 8),
(279, 'BOŞ', NULL, 18, 9),
(280, 'BOŞ', NULL, 18, 10),
(281, 'BOŞ', NULL, 18, 11),
(282, 'BOŞ', NULL, 18, 12),
(283, 'BOŞ', NULL, 18, 13),
(284, 'BOŞ', NULL, 18, 14),
(285, 'BOŞ', NULL, 18, 15),
(286, 'BOŞ', NULL, 19, 1),
(287, 'BOŞ', NULL, 19, 2),
(288, 'BOŞ', NULL, 19, 3),
(289, 'BOŞ', NULL, 19, 4),
(290, 'BOŞ', NULL, 19, 5),
(291, 'BOŞ', NULL, 19, 6),
(292, 'BOŞ', NULL, 19, 7),
(293, 'BOŞ', NULL, 19, 8),
(294, 'BOŞ', NULL, 19, 9),
(295, 'BOŞ', NULL, 19, 10),
(296, 'BOŞ', NULL, 19, 11),
(297, 'BOŞ', NULL, 19, 12),
(298, 'BOŞ', NULL, 19, 13),
(299, 'BOŞ', NULL, 19, 14),
(300, 'BOŞ', NULL, 19, 15),
(301, 'BOŞ', NULL, 20, 1),
(302, 'BOŞ', NULL, 20, 2),
(303, 'BOŞ', NULL, 20, 3),
(304, 'BOŞ', NULL, 20, 4),
(305, 'BOŞ', NULL, 20, 5),
(306, 'BOŞ', NULL, 20, 6),
(307, 'BOŞ', NULL, 20, 7),
(308, 'BOŞ', NULL, 20, 8),
(309, 'BOŞ', NULL, 20, 9),
(310, 'BOŞ', NULL, 20, 10),
(311, 'BOŞ', NULL, 20, 11),
(312, 'BOŞ', NULL, 20, 12),
(313, 'BOŞ', NULL, 20, 13),
(314, 'BOŞ', NULL, 20, 14),
(315, 'BOŞ', NULL, 20, 15),
(316, 'BOŞ', NULL, 21, 1),
(317, 'BOŞ', NULL, 21, 2),
(318, 'BOŞ', NULL, 21, 3),
(319, 'BOŞ', NULL, 21, 4),
(320, 'BOŞ', NULL, 21, 5),
(321, 'BOŞ', NULL, 21, 6),
(322, 'BOŞ', NULL, 21, 7),
(323, 'BOŞ', NULL, 21, 8),
(324, 'BOŞ', NULL, 21, 9),
(325, 'BOŞ', NULL, 21, 10),
(326, 'BOŞ', NULL, 21, 11),
(327, 'BOŞ', NULL, 21, 12),
(328, 'BOŞ', NULL, 21, 13),
(329, 'BOŞ', NULL, 21, 14),
(330, 'BOŞ', NULL, 21, 15),
(331, 'BOŞ', NULL, 22, 1),
(332, 'BOŞ', NULL, 22, 2),
(333, 'BOŞ', NULL, 22, 3),
(334, 'BOŞ', NULL, 22, 4),
(335, 'BOŞ', NULL, 22, 5),
(336, 'BOŞ', NULL, 22, 6),
(337, 'BOŞ', NULL, 22, 7),
(338, 'BOŞ', NULL, 22, 8),
(339, 'BOŞ', NULL, 22, 9),
(340, 'BOŞ', NULL, 22, 10),
(341, 'BOŞ', NULL, 22, 11),
(342, 'BOŞ', NULL, 22, 12),
(343, 'BOŞ', NULL, 22, 13),
(344, 'BOŞ', NULL, 22, 14),
(345, 'BOŞ', NULL, 22, 15),
(346, 'BOŞ', NULL, 23, 1),
(347, 'BOŞ', NULL, 23, 2),
(348, 'BOŞ', NULL, 23, 3),
(349, 'BOŞ', NULL, 23, 4),
(350, 'BOŞ', NULL, 23, 5),
(351, 'BOŞ', NULL, 23, 6),
(352, 'BOŞ', NULL, 23, 7),
(353, 'BOŞ', NULL, 23, 8),
(354, 'BOŞ', NULL, 23, 9),
(355, 'BOŞ', NULL, 23, 10),
(356, 'BOŞ', NULL, 23, 11),
(357, 'BOŞ', NULL, 23, 12),
(358, 'BOŞ', NULL, 23, 13),
(359, 'BOŞ', NULL, 23, 14),
(360, 'BOŞ', NULL, 23, 15),
(361, 'BOŞ', NULL, 24, 1),
(362, 'BOŞ', NULL, 24, 2),
(363, 'BOŞ', NULL, 24, 3),
(364, 'BOŞ', NULL, 24, 4),
(365, 'BOŞ', NULL, 24, 5),
(366, 'BOŞ', NULL, 24, 6),
(367, 'BOŞ', NULL, 24, 7),
(368, 'BOŞ', NULL, 24, 8),
(369, 'BOŞ', NULL, 24, 9),
(370, 'BOŞ', NULL, 24, 10),
(371, 'BOŞ', NULL, 24, 11),
(372, 'BOŞ', NULL, 24, 12),
(373, 'BOŞ', NULL, 24, 13),
(374, 'BOŞ', NULL, 24, 14),
(375, 'BOŞ', NULL, 24, 15),
(376, 'BOŞ', NULL, 25, 1),
(377, 'BOŞ', NULL, 25, 2),
(378, 'BOŞ', NULL, 25, 3),
(379, 'BOŞ', NULL, 25, 4),
(380, 'BOŞ', NULL, 25, 5),
(381, 'BOŞ', NULL, 25, 6),
(382, 'BOŞ', NULL, 25, 7),
(383, 'BOŞ', NULL, 25, 8),
(384, 'BOŞ', NULL, 25, 9),
(385, 'BOŞ', NULL, 25, 10),
(386, 'BOŞ', NULL, 25, 11),
(387, 'BOŞ', NULL, 25, 12),
(388, 'BOŞ', NULL, 25, 13),
(389, 'BOŞ', NULL, 25, 14),
(390, 'BOŞ', NULL, 25, 15),
(391, 'BOŞ', NULL, 26, 1),
(392, 'BOŞ', NULL, 26, 2),
(393, 'BOŞ', NULL, 26, 3),
(394, 'BOŞ', NULL, 26, 4),
(395, 'BOŞ', NULL, 26, 5),
(396, 'BOŞ', NULL, 26, 6),
(397, 'BOŞ', NULL, 26, 7),
(398, 'BOŞ', NULL, 26, 8),
(399, 'BOŞ', NULL, 26, 9),
(400, 'BOŞ', NULL, 26, 10),
(401, 'BOŞ', NULL, 26, 11),
(402, 'BOŞ', NULL, 26, 12),
(403, 'BOŞ', NULL, 26, 13),
(404, 'BOŞ', NULL, 26, 14),
(405, 'BOŞ', NULL, 26, 15),
(406, 'BOŞ', NULL, 27, 1),
(407, 'BOŞ', NULL, 27, 2),
(408, 'BOŞ', NULL, 27, 3),
(409, 'BOŞ', NULL, 27, 4),
(410, 'BOŞ', NULL, 27, 5),
(411, 'BOŞ', NULL, 27, 6),
(412, 'BOŞ', NULL, 27, 7),
(413, 'BOŞ', NULL, 27, 8),
(414, 'BOŞ', NULL, 27, 9),
(415, 'BOŞ', NULL, 27, 10),
(416, 'BOŞ', NULL, 27, 11),
(417, 'BOŞ', NULL, 27, 12),
(418, 'BOŞ', NULL, 27, 13),
(419, 'BOŞ', NULL, 27, 14),
(420, 'BOŞ', NULL, 27, 15),
(421, 'BOŞ', NULL, 28, 1),
(422, 'BOŞ', NULL, 28, 2),
(423, 'BOŞ', NULL, 28, 3),
(424, 'BOŞ', NULL, 28, 4),
(425, 'BOŞ', NULL, 28, 5),
(426, 'BOŞ', NULL, 28, 6),
(427, 'BOŞ', NULL, 28, 7),
(428, 'BOŞ', NULL, 28, 8),
(429, 'BOŞ', NULL, 28, 9),
(430, 'BOŞ', NULL, 28, 10),
(431, 'BOŞ', NULL, 28, 11),
(432, 'BOŞ', NULL, 28, 12),
(433, 'BOŞ', NULL, 28, 13),
(434, 'BOŞ', NULL, 28, 14),
(435, 'BOŞ', NULL, 28, 15),
(436, 'BOŞ', NULL, 29, 1),
(437, 'BOŞ', NULL, 29, 2),
(438, 'BOŞ', NULL, 29, 3),
(439, 'BOŞ', NULL, 29, 4),
(440, 'BOŞ', NULL, 29, 5),
(441, 'BOŞ', NULL, 29, 6),
(442, 'BOŞ', NULL, 29, 7),
(443, 'BOŞ', NULL, 29, 8),
(444, 'BOŞ', NULL, 29, 9),
(445, 'BOŞ', NULL, 29, 10),
(446, 'BOŞ', NULL, 29, 11),
(447, 'BOŞ', NULL, 29, 12),
(448, 'BOŞ', NULL, 29, 13),
(449, 'BOŞ', NULL, 29, 14),
(450, 'BOŞ', NULL, 29, 15),
(451, 'BOŞ', NULL, 30, 1),
(452, 'BOŞ', NULL, 30, 2),
(453, 'BOŞ', NULL, 30, 3),
(454, 'BOŞ', NULL, 30, 4),
(455, 'BOŞ', NULL, 30, 5),
(456, 'BOŞ', NULL, 30, 6),
(457, 'BOŞ', NULL, 30, 7),
(458, 'BOŞ', NULL, 30, 8),
(459, 'BOŞ', NULL, 30, 9),
(460, 'BOŞ', NULL, 30, 10),
(461, 'BOŞ', NULL, 30, 11),
(462, 'BOŞ', NULL, 30, 12),
(463, 'BOŞ', NULL, 30, 13),
(464, 'BOŞ', NULL, 30, 14),
(465, 'BOŞ', NULL, 30, 15),
(466, 'BOŞ', NULL, 31, 1),
(467, 'BOŞ', NULL, 31, 2),
(468, 'BOŞ', NULL, 31, 3),
(469, 'BOŞ', NULL, 31, 4),
(470, 'BOŞ', NULL, 31, 5),
(471, 'BOŞ', NULL, 31, 6),
(472, 'BOŞ', NULL, 31, 7),
(473, 'BOŞ', NULL, 31, 8),
(474, 'BOŞ', NULL, 31, 9),
(475, 'BOŞ', NULL, 31, 10),
(476, 'BOŞ', NULL, 31, 11),
(477, 'BOŞ', NULL, 31, 12),
(478, 'BOŞ', NULL, 31, 13),
(479, 'BOŞ', NULL, 31, 14),
(480, 'BOŞ', NULL, 31, 15),
(481, 'BOŞ', NULL, 32, 1),
(482, 'BOŞ', NULL, 32, 2),
(483, 'BOŞ', NULL, 32, 3),
(484, 'BOŞ', NULL, 32, 4),
(485, 'BOŞ', NULL, 32, 5),
(486, 'BOŞ', NULL, 32, 6),
(487, 'BOŞ', NULL, 32, 7),
(488, 'BOŞ', NULL, 32, 8),
(489, 'BOŞ', NULL, 32, 9),
(490, 'BOŞ', NULL, 32, 10),
(491, 'BOŞ', NULL, 32, 11),
(492, 'BOŞ', NULL, 32, 12),
(493, 'BOŞ', NULL, 32, 13),
(494, 'BOŞ', NULL, 32, 14),
(495, 'BOŞ', NULL, 32, 15),
(496, 'BOŞ', NULL, 33, 1),
(497, 'BOŞ', NULL, 33, 2),
(498, 'BOŞ', NULL, 33, 3),
(499, 'BOŞ', NULL, 33, 4),
(500, 'BOŞ', NULL, 33, 5),
(501, 'BOŞ', NULL, 33, 6),
(502, 'BOŞ', NULL, 33, 7),
(503, 'BOŞ', NULL, 33, 8),
(504, 'BOŞ', NULL, 33, 9),
(505, 'BOŞ', NULL, 33, 10),
(506, 'BOŞ', NULL, 33, 11),
(507, 'BOŞ', NULL, 33, 12),
(508, 'BOŞ', NULL, 33, 13),
(509, 'BOŞ', NULL, 33, 14),
(510, 'BOŞ', NULL, 33, 15),
(511, 'BOŞ', NULL, 34, 1),
(512, 'BOŞ', NULL, 34, 2),
(513, 'BOŞ', NULL, 34, 3),
(514, 'BOŞ', NULL, 34, 4),
(515, 'BOŞ', NULL, 34, 5),
(516, 'BOŞ', NULL, 34, 6),
(517, 'BOŞ', NULL, 34, 7),
(518, 'BOŞ', NULL, 34, 8),
(519, 'BOŞ', NULL, 34, 9),
(520, 'BOŞ', NULL, 34, 10),
(521, 'BOŞ', NULL, 34, 11),
(522, 'BOŞ', NULL, 34, 12),
(523, 'BOŞ', NULL, 34, 13),
(524, 'BOŞ', NULL, 34, 14),
(525, 'BOŞ', NULL, 34, 15),
(526, 'BOŞ', NULL, 35, 1),
(527, 'BOŞ', NULL, 35, 2),
(528, 'BOŞ', NULL, 35, 3),
(529, 'BOŞ', NULL, 35, 4),
(530, 'BOŞ', NULL, 35, 5),
(531, 'BOŞ', NULL, 35, 6),
(532, 'BOŞ', NULL, 35, 7),
(533, 'BOŞ', NULL, 35, 8),
(534, 'BOŞ', NULL, 35, 9),
(535, 'BOŞ', NULL, 35, 10),
(536, 'BOŞ', NULL, 35, 11),
(537, 'BOŞ', NULL, 35, 12),
(538, 'BOŞ', NULL, 35, 13),
(539, 'BOŞ', NULL, 35, 14),
(540, 'BOŞ', NULL, 35, 15),
(541, 'BOŞ', NULL, 36, 1),
(542, 'BOŞ', NULL, 36, 2),
(543, 'BOŞ', NULL, 36, 3),
(544, 'BOŞ', NULL, 36, 4),
(545, 'BOŞ', NULL, 36, 5),
(546, 'BOŞ', NULL, 36, 6),
(547, 'BOŞ', NULL, 36, 7),
(548, 'BOŞ', NULL, 36, 8),
(549, 'BOŞ', NULL, 36, 9),
(550, 'BOŞ', NULL, 36, 10),
(551, 'BOŞ', NULL, 36, 11),
(552, 'BOŞ', NULL, 36, 12),
(553, 'BOŞ', NULL, 36, 13),
(554, 'BOŞ', NULL, 36, 14),
(555, 'BOŞ', NULL, 36, 15),
(556, 'BOŞ', NULL, 37, 1),
(557, 'BOŞ', NULL, 37, 2),
(558, 'BOŞ', NULL, 37, 3),
(559, 'BOŞ', NULL, 37, 4),
(560, 'BOŞ', NULL, 37, 5),
(561, 'BOŞ', NULL, 37, 6),
(562, 'BOŞ', NULL, 37, 7),
(563, 'BOŞ', NULL, 37, 8),
(564, 'BOŞ', NULL, 37, 9),
(565, 'BOŞ', NULL, 37, 10),
(566, 'BOŞ', NULL, 37, 11),
(567, 'BOŞ', NULL, 37, 12),
(568, 'BOŞ', NULL, 37, 13),
(569, 'BOŞ', NULL, 37, 14),
(570, 'BOŞ', NULL, 37, 15),
(571, 'BOŞ', NULL, 38, 1),
(572, 'BOŞ', NULL, 38, 2),
(573, 'BOŞ', NULL, 38, 3),
(574, 'BOŞ', NULL, 38, 4),
(575, 'BOŞ', NULL, 38, 5),
(576, 'BOŞ', NULL, 38, 6),
(577, 'BOŞ', NULL, 38, 7),
(578, 'BOŞ', NULL, 38, 8),
(579, 'BOŞ', NULL, 38, 9),
(580, 'BOŞ', NULL, 38, 10),
(581, 'BOŞ', NULL, 38, 11),
(582, 'BOŞ', NULL, 38, 12),
(583, 'BOŞ', NULL, 38, 13),
(584, 'BOŞ', NULL, 38, 14),
(585, 'BOŞ', NULL, 38, 15),
(586, 'BOŞ', NULL, 39, 1),
(587, 'BOŞ', NULL, 39, 2),
(588, 'BOŞ', NULL, 39, 3),
(589, 'BOŞ', NULL, 39, 4),
(590, 'BOŞ', NULL, 39, 5),
(591, 'BOŞ', NULL, 39, 6),
(592, 'BOŞ', NULL, 39, 7),
(593, 'BOŞ', NULL, 39, 8),
(594, 'BOŞ', NULL, 39, 9),
(595, 'BOŞ', NULL, 39, 10),
(596, 'BOŞ', NULL, 39, 11),
(597, 'BOŞ', NULL, 39, 12),
(598, 'BOŞ', NULL, 39, 13),
(599, 'BOŞ', NULL, 39, 14),
(600, 'BOŞ', NULL, 39, 15),
(601, 'BOŞ', NULL, 40, 1),
(602, 'BOŞ', NULL, 40, 2),
(603, 'BOŞ', NULL, 40, 3),
(604, 'BOŞ', NULL, 40, 4),
(605, 'BOŞ', NULL, 40, 5),
(606, 'BOŞ', NULL, 40, 6),
(607, 'BOŞ', NULL, 40, 7),
(608, 'BOŞ', NULL, 40, 8),
(609, 'BOŞ', NULL, 40, 9),
(610, 'BOŞ', NULL, 40, 10),
(611, 'BOŞ', NULL, 40, 11),
(612, 'BOŞ', NULL, 40, 12),
(613, 'BOŞ', NULL, 40, 13),
(614, 'BOŞ', NULL, 40, 14),
(615, 'BOŞ', NULL, 40, 15),
(616, 'BOŞ', NULL, 41, 1),
(617, 'BOŞ', NULL, 41, 2),
(618, 'BOŞ', NULL, 41, 3),
(619, 'BOŞ', NULL, 41, 4),
(620, 'BOŞ', NULL, 41, 5),
(621, 'BOŞ', NULL, 41, 6),
(622, 'BOŞ', NULL, 41, 7),
(623, 'BOŞ', NULL, 41, 8),
(624, 'BOŞ', NULL, 41, 9),
(625, 'BOŞ', NULL, 41, 10),
(626, 'BOŞ', NULL, 41, 11),
(627, 'BOŞ', NULL, 41, 12),
(628, 'BOŞ', NULL, 41, 13),
(629, 'BOŞ', NULL, 41, 14),
(630, 'BOŞ', NULL, 41, 15),
(631, 'BOŞ', NULL, 42, 1),
(632, 'BOŞ', NULL, 42, 2),
(633, 'BOŞ', NULL, 42, 3),
(634, 'BOŞ', NULL, 42, 4),
(635, 'BOŞ', NULL, 42, 5),
(636, 'BOŞ', NULL, 42, 6),
(637, 'BOŞ', NULL, 42, 7),
(638, 'BOŞ', NULL, 42, 8),
(639, 'BOŞ', NULL, 42, 9),
(640, 'BOŞ', NULL, 42, 10),
(641, 'BOŞ', NULL, 42, 11),
(642, 'BOŞ', NULL, 42, 12),
(643, 'BOŞ', NULL, 42, 13),
(644, 'BOŞ', NULL, 42, 14),
(645, 'BOŞ', NULL, 42, 15),
(646, 'BOŞ', NULL, 43, 1),
(647, 'BOŞ', NULL, 43, 2),
(648, 'BOŞ', NULL, 43, 3),
(649, 'BOŞ', NULL, 43, 4),
(650, 'BOŞ', NULL, 43, 5),
(651, 'BOŞ', NULL, 43, 6),
(652, 'BOŞ', NULL, 43, 7),
(653, 'BOŞ', NULL, 43, 8),
(654, 'BOŞ', NULL, 43, 9),
(655, 'BOŞ', NULL, 43, 10),
(656, 'BOŞ', NULL, 43, 11),
(657, 'BOŞ', NULL, 43, 12),
(658, 'BOŞ', NULL, 43, 13),
(659, 'BOŞ', NULL, 43, 14),
(660, 'BOŞ', NULL, 43, 15),
(661, 'BOŞ', NULL, 44, 1),
(662, 'BOŞ', NULL, 44, 2),
(663, 'BOŞ', NULL, 44, 3),
(664, 'BOŞ', NULL, 44, 4),
(665, 'BOŞ', NULL, 44, 5),
(666, 'BOŞ', NULL, 44, 6),
(667, 'BOŞ', NULL, 44, 7),
(668, 'BOŞ', NULL, 44, 8),
(669, 'BOŞ', NULL, 44, 9),
(670, 'BOŞ', NULL, 44, 10),
(671, 'BOŞ', NULL, 44, 11),
(672, 'BOŞ', NULL, 44, 12),
(673, 'BOŞ', NULL, 44, 13),
(674, 'BOŞ', NULL, 44, 14),
(675, 'BOŞ', NULL, 44, 15),
(676, 'BOŞ', NULL, 45, 1),
(677, 'BOŞ', NULL, 45, 2),
(678, 'BOŞ', NULL, 45, 3),
(679, 'BOŞ', NULL, 45, 4),
(680, 'BOŞ', NULL, 45, 5),
(681, 'BOŞ', NULL, 45, 6),
(682, 'BOŞ', NULL, 45, 7),
(683, 'BOŞ', NULL, 45, 8),
(684, 'BOŞ', NULL, 45, 9),
(685, 'BOŞ', NULL, 45, 10),
(686, 'BOŞ', NULL, 45, 11),
(687, 'BOŞ', NULL, 45, 12),
(688, 'BOŞ', NULL, 45, 13),
(689, 'BOŞ', NULL, 45, 14),
(690, 'BOŞ', NULL, 45, 15),
(691, 'BOŞ', NULL, 46, 1),
(692, 'BOŞ', NULL, 46, 2),
(693, 'BOŞ', NULL, 46, 3),
(694, 'BOŞ', NULL, 46, 4),
(695, 'BOŞ', NULL, 46, 5),
(696, 'BOŞ', NULL, 46, 6),
(697, 'BOŞ', NULL, 46, 7),
(698, 'BOŞ', NULL, 46, 8),
(699, 'BOŞ', NULL, 46, 9),
(700, 'BOŞ', NULL, 46, 10),
(701, 'BOŞ', NULL, 46, 11),
(702, 'BOŞ', NULL, 46, 12),
(703, 'BOŞ', NULL, 46, 13),
(704, 'BOŞ', NULL, 46, 14),
(705, 'BOŞ', NULL, 46, 15),
(706, 'BOŞ', NULL, 47, 1),
(707, 'BOŞ', NULL, 47, 2),
(708, 'BOŞ', NULL, 47, 3),
(709, 'BOŞ', NULL, 47, 4),
(710, 'BOŞ', NULL, 47, 5),
(711, 'BOŞ', NULL, 47, 6),
(712, 'BOŞ', NULL, 47, 7),
(713, 'BOŞ', NULL, 47, 8),
(714, 'BOŞ', NULL, 47, 9),
(715, 'BOŞ', NULL, 47, 10),
(716, 'BOŞ', NULL, 47, 11),
(717, 'BOŞ', NULL, 47, 12),
(718, 'BOŞ', NULL, 47, 13),
(719, 'BOŞ', NULL, 47, 14),
(720, 'BOŞ', NULL, 47, 15),
(721, 'BOŞ', NULL, 48, 1),
(722, 'BOŞ', NULL, 48, 2),
(723, 'BOŞ', NULL, 48, 3),
(724, 'BOŞ', NULL, 48, 4),
(725, 'BOŞ', NULL, 48, 5),
(726, 'BOŞ', NULL, 48, 6),
(727, 'BOŞ', NULL, 48, 7),
(728, 'BOŞ', NULL, 48, 8),
(729, 'BOŞ', NULL, 48, 9),
(730, 'BOŞ', NULL, 48, 10),
(731, 'BOŞ', NULL, 48, 11),
(732, 'BOŞ', NULL, 48, 12),
(733, 'BOŞ', NULL, 48, 13),
(734, 'BOŞ', NULL, 48, 14),
(735, 'BOŞ', NULL, 48, 15),
(736, 'BOŞ', NULL, 49, 1),
(737, 'BOŞ', NULL, 49, 2),
(738, 'BOŞ', NULL, 49, 3),
(739, 'BOŞ', NULL, 49, 4),
(740, 'BOŞ', NULL, 49, 5),
(741, 'BOŞ', NULL, 49, 6),
(742, 'BOŞ', NULL, 49, 7),
(743, 'BOŞ', NULL, 49, 8),
(744, 'BOŞ', NULL, 49, 9),
(745, 'BOŞ', NULL, 49, 10),
(746, 'BOŞ', NULL, 49, 11),
(747, 'BOŞ', NULL, 49, 12),
(748, 'BOŞ', NULL, 49, 13),
(749, 'BOŞ', NULL, 49, 14),
(750, 'BOŞ', NULL, 49, 15),
(751, 'BOŞ', NULL, 50, 1),
(752, 'BOŞ', NULL, 50, 2),
(753, 'BOŞ', NULL, 50, 3),
(754, 'BOŞ', NULL, 50, 4),
(755, 'BOŞ', NULL, 50, 5),
(756, 'BOŞ', NULL, 50, 6),
(757, 'BOŞ', NULL, 50, 7),
(758, 'BOŞ', NULL, 50, 8),
(759, 'BOŞ', NULL, 50, 9),
(760, 'BOŞ', NULL, 50, 10),
(761, 'BOŞ', NULL, 50, 11),
(762, 'BOŞ', NULL, 50, 12),
(763, 'BOŞ', NULL, 50, 13),
(764, 'BOŞ', NULL, 50, 14),
(765, 'BOŞ', NULL, 50, 15),
(766, 'BOŞ', NULL, 51, 1),
(767, 'BOŞ', NULL, 51, 2),
(768, 'BOŞ', NULL, 51, 3),
(769, 'BOŞ', NULL, 51, 4),
(770, 'BOŞ', NULL, 51, 5),
(771, 'BOŞ', NULL, 51, 6),
(772, 'BOŞ', NULL, 51, 7),
(773, 'BOŞ', NULL, 51, 8),
(774, 'BOŞ', NULL, 51, 9),
(775, 'BOŞ', NULL, 51, 10),
(776, 'BOŞ', NULL, 51, 11),
(777, 'BOŞ', NULL, 51, 12),
(778, 'BOŞ', NULL, 51, 13),
(779, 'BOŞ', NULL, 51, 14),
(780, 'BOŞ', NULL, 51, 15),
(781, 'BOŞ', NULL, 52, 1),
(782, 'BOŞ', NULL, 52, 2),
(783, 'BOŞ', NULL, 52, 3),
(784, 'BOŞ', NULL, 52, 4),
(785, 'BOŞ', NULL, 52, 5),
(786, 'BOŞ', NULL, 52, 6),
(787, 'BOŞ', NULL, 52, 7),
(788, 'BOŞ', NULL, 52, 8),
(789, 'BOŞ', NULL, 52, 9),
(790, 'BOŞ', NULL, 52, 10),
(791, 'BOŞ', NULL, 52, 11),
(792, 'BOŞ', NULL, 52, 12),
(793, 'BOŞ', NULL, 52, 13),
(794, 'BOŞ', NULL, 52, 14),
(795, 'BOŞ', NULL, 52, 15),
(796, 'BOŞ', NULL, 53, 1),
(797, 'BOŞ', NULL, 53, 2),
(798, 'BOŞ', NULL, 53, 3),
(799, 'BOŞ', NULL, 53, 4),
(800, 'BOŞ', NULL, 53, 5),
(801, 'BOŞ', NULL, 53, 6),
(802, 'BOŞ', NULL, 53, 7),
(803, 'BOŞ', NULL, 53, 8),
(804, 'BOŞ', NULL, 53, 9),
(805, 'BOŞ', NULL, 53, 10),
(806, 'BOŞ', NULL, 53, 11),
(807, 'BOŞ', NULL, 53, 12),
(808, 'BOŞ', NULL, 53, 13),
(809, 'BOŞ', NULL, 53, 14),
(810, 'BOŞ', NULL, 53, 15),
(811, 'BOŞ', NULL, 54, 1),
(812, 'BOŞ', NULL, 54, 2),
(813, 'BOŞ', NULL, 54, 3),
(814, 'BOŞ', NULL, 54, 4),
(815, 'BOŞ', NULL, 54, 5),
(816, 'BOŞ', NULL, 54, 6),
(817, 'BOŞ', NULL, 54, 7),
(818, 'BOŞ', NULL, 54, 8),
(819, 'BOŞ', NULL, 54, 9),
(820, 'BOŞ', NULL, 54, 10),
(821, 'BOŞ', NULL, 54, 11),
(822, 'BOŞ', NULL, 54, 12),
(823, 'BOŞ', NULL, 54, 13),
(824, 'BOŞ', NULL, 54, 14),
(825, 'BOŞ', NULL, 54, 15),
(826, 'BOŞ', NULL, 55, 1),
(827, 'BOŞ', NULL, 55, 2),
(828, 'BOŞ', NULL, 55, 3),
(829, 'BOŞ', NULL, 55, 4),
(830, 'BOŞ', NULL, 55, 5),
(831, 'BOŞ', NULL, 55, 6),
(832, 'BOŞ', NULL, 55, 7),
(833, 'BOŞ', NULL, 55, 8),
(834, 'BOŞ', NULL, 55, 9),
(835, 'BOŞ', NULL, 55, 10),
(836, 'BOŞ', NULL, 55, 11),
(837, 'BOŞ', NULL, 55, 12),
(838, 'BOŞ', NULL, 55, 13),
(839, 'BOŞ', NULL, 55, 14),
(840, 'BOŞ', NULL, 55, 15),
(841, 'BOŞ', NULL, 56, 1),
(842, 'BOŞ', NULL, 56, 2),
(843, 'BOŞ', NULL, 56, 3),
(844, 'BOŞ', NULL, 56, 4),
(845, 'BOŞ', NULL, 56, 5),
(846, 'BOŞ', NULL, 56, 6),
(847, 'BOŞ', NULL, 56, 7),
(848, 'BOŞ', NULL, 56, 8),
(849, 'BOŞ', NULL, 56, 9),
(850, 'BOŞ', NULL, 56, 10),
(851, 'BOŞ', NULL, 56, 11),
(852, 'BOŞ', NULL, 56, 12),
(853, 'BOŞ', NULL, 56, 13),
(854, 'BOŞ', NULL, 56, 14),
(855, 'BOŞ', NULL, 56, 15),
(856, 'BOŞ', NULL, 57, 1),
(857, 'BOŞ', NULL, 57, 2),
(858, 'BOŞ', NULL, 57, 3),
(859, 'BOŞ', NULL, 57, 4),
(860, 'BOŞ', NULL, 57, 5),
(861, 'BOŞ', NULL, 57, 6),
(862, 'BOŞ', NULL, 57, 7),
(863, 'BOŞ', NULL, 57, 8),
(864, 'BOŞ', NULL, 57, 9),
(865, 'BOŞ', NULL, 57, 10),
(866, 'BOŞ', NULL, 57, 11),
(867, 'BOŞ', NULL, 57, 12),
(868, 'BOŞ', NULL, 57, 13),
(869, 'BOŞ', NULL, 57, 14),
(870, 'BOŞ', NULL, 57, 15),
(871, 'BOŞ', NULL, 58, 1),
(872, 'BOŞ', NULL, 58, 2),
(873, 'BOŞ', NULL, 58, 3),
(874, 'BOŞ', NULL, 58, 4),
(875, 'BOŞ', NULL, 58, 5),
(876, 'BOŞ', NULL, 58, 6),
(877, 'BOŞ', NULL, 58, 7),
(878, 'BOŞ', NULL, 58, 8),
(879, 'BOŞ', NULL, 58, 9),
(880, 'BOŞ', NULL, 58, 10),
(881, 'BOŞ', NULL, 58, 11),
(882, 'BOŞ', NULL, 58, 12),
(883, 'BOŞ', NULL, 58, 13),
(884, 'BOŞ', NULL, 58, 14),
(885, 'BOŞ', NULL, 58, 15),
(886, 'BOŞ', NULL, 59, 1),
(887, 'BOŞ', NULL, 59, 2),
(888, 'BOŞ', NULL, 59, 3),
(889, 'BOŞ', NULL, 59, 4),
(890, 'BOŞ', NULL, 59, 5),
(891, 'BOŞ', NULL, 59, 6),
(892, 'BOŞ', NULL, 59, 7),
(893, 'BOŞ', NULL, 59, 8),
(894, 'BOŞ', NULL, 59, 9),
(895, 'BOŞ', NULL, 59, 10),
(896, 'BOŞ', NULL, 59, 11),
(897, 'BOŞ', NULL, 59, 12),
(898, 'BOŞ', NULL, 59, 13),
(899, 'BOŞ', NULL, 59, 14),
(900, 'BOŞ', NULL, 59, 15),
(901, 'BOŞ', NULL, 60, 1),
(902, 'BOŞ', NULL, 60, 2),
(903, 'BOŞ', NULL, 60, 3),
(904, 'BOŞ', NULL, 60, 4),
(905, 'BOŞ', NULL, 60, 5),
(906, 'BOŞ', NULL, 60, 6),
(907, 'BOŞ', NULL, 60, 7),
(908, 'BOŞ', NULL, 60, 8),
(909, 'BOŞ', NULL, 60, 9),
(910, 'BOŞ', NULL, 60, 10),
(911, 'BOŞ', NULL, 60, 11),
(912, 'BOŞ', NULL, 60, 12),
(913, 'BOŞ', NULL, 60, 13),
(914, 'BOŞ', NULL, 60, 14),
(915, 'BOŞ', NULL, 60, 15),
(916, 'BOŞ', NULL, 61, 1),
(917, 'BOŞ', NULL, 61, 2),
(918, 'BOŞ', NULL, 61, 3),
(919, 'BOŞ', NULL, 61, 4),
(920, 'BOŞ', NULL, 61, 5),
(921, 'BOŞ', NULL, 61, 6),
(922, 'BOŞ', NULL, 61, 7),
(923, 'BOŞ', NULL, 61, 8),
(924, 'BOŞ', NULL, 61, 9),
(925, 'BOŞ', NULL, 61, 10),
(926, 'BOŞ', NULL, 61, 11),
(927, 'BOŞ', NULL, 61, 12),
(928, 'BOŞ', NULL, 61, 13),
(929, 'BOŞ', NULL, 61, 14),
(930, 'BOŞ', NULL, 61, 15),
(931, 'BOŞ', NULL, 62, 1),
(932, 'BOŞ', NULL, 62, 2),
(933, 'BOŞ', NULL, 62, 3),
(934, 'BOŞ', NULL, 62, 4),
(935, 'BOŞ', NULL, 62, 5),
(936, 'BOŞ', NULL, 62, 6),
(937, 'BOŞ', NULL, 62, 7),
(938, 'BOŞ', NULL, 62, 8),
(939, 'BOŞ', NULL, 62, 9),
(940, 'BOŞ', NULL, 62, 10),
(941, 'BOŞ', NULL, 62, 11),
(942, 'BOŞ', NULL, 62, 12),
(943, 'BOŞ', NULL, 62, 13),
(944, 'BOŞ', NULL, 62, 14),
(945, 'BOŞ', NULL, 62, 15),
(946, 'BOŞ', NULL, 63, 1),
(947, 'BOŞ', NULL, 63, 2),
(948, 'BOŞ', NULL, 63, 3),
(949, 'BOŞ', NULL, 63, 4),
(950, 'BOŞ', NULL, 63, 5),
(951, 'BOŞ', NULL, 63, 6),
(952, 'BOŞ', NULL, 63, 7),
(953, 'BOŞ', NULL, 63, 8),
(954, 'BOŞ', NULL, 63, 9),
(955, 'BOŞ', NULL, 63, 10),
(956, 'BOŞ', NULL, 63, 11),
(957, 'BOŞ', NULL, 63, 12),
(958, 'BOŞ', NULL, 63, 13),
(959, 'BOŞ', NULL, 63, 14),
(960, 'BOŞ', NULL, 63, 15),
(961, 'BOŞ', NULL, 64, 1),
(962, 'BOŞ', NULL, 64, 2),
(963, 'BOŞ', NULL, 64, 3),
(964, 'BOŞ', NULL, 64, 4),
(965, 'BOŞ', NULL, 64, 5),
(966, 'BOŞ', NULL, 64, 6),
(967, 'BOŞ', NULL, 64, 7),
(968, 'BOŞ', NULL, 64, 8),
(969, 'BOŞ', NULL, 64, 9),
(970, 'BOŞ', NULL, 64, 10),
(971, 'BOŞ', NULL, 64, 11),
(972, 'BOŞ', NULL, 64, 12),
(973, 'BOŞ', NULL, 64, 13),
(974, 'BOŞ', NULL, 64, 14),
(975, 'BOŞ', NULL, 64, 15);

-- --------------------------------------------------------

--
-- Tablo için tablo yapısı `kullanici`
--

CREATE TABLE `kullanici` (
  `k_id` int(11) NOT NULL,
  `ad` text NOT NULL,
  `soyad` text NOT NULL,
  `tc` text NOT NULL,
  `dogumTarihi` date NOT NULL,
  `telefon` text NOT NULL,
  `cinsiyet` char(1) NOT NULL,
  `medeniDurum` char(1) NOT NULL,
  `eposta` text NOT NULL,
  `parola` int(8) NOT NULL,
  `kayitTarihi` datetime NOT NULL DEFAULT current_timestamp(),
  `uyelik_tipi` varchar(10) NOT NULL DEFAULT 'Normal'
) ENGINE=InnoDB DEFAULT CHARSET=utf8mb4;

--
-- Tablo döküm verisi `kullanici`
--

INSERT INTO `kullanici` (`k_id`, `ad`, `soyad`, `tc`, `dogumTarihi`, `telefon`, `cinsiyet`, `medeniDurum`, `eposta`, `parola`, `kayitTarihi`, `uyelik_tipi`) VALUES
(2, 'ozge', 'unal', '1234', '2000-11-09', '123456', 'k', 'b', 'ozge', 1, '2010-05-08 14:12:55', 'VIP'),
(3, 'aybüke', 'temiz', '1', '1993-07-02', '54595338', 'k', 'e', 'aybuke', 1, '2018-05-08 14:12:55', 'Daimi Üye'),
(4, 'ali', 'shdhs', '22222', '2001-01-01', '345677654', 'e', 'b', 'ali', 1, '2024-05-10 13:58:36', 'Normal');

-- --------------------------------------------------------

--
-- Tablo için tablo yapısı `ucus`
--

CREATE TABLE `ucus` (
  `id` int(11) NOT NULL,
  `nereden` varchar(50) NOT NULL,
  `nereye` varchar(50) NOT NULL,
  `kalkis_saati` time NOT NULL,
  `varis_saati` time NOT NULL,
  `gun` varchar(100) DEFAULT NULL,
  `fiyat` double NOT NULL,
  `ucus_sıklığı` varchar(20) DEFAULT NULL,
  `son_uctugu_gun` date DEFAULT NULL
) ENGINE=InnoDB DEFAULT CHARSET=utf8mb4;

--
-- Tablo döküm verisi `ucus`
--

INSERT INTO `ucus` (`id`, `nereden`, `nereye`, `kalkis_saati`, `varis_saati`, `gun`, `fiyat`, `ucus_sıklığı`, `son_uctugu_gun`) VALUES
(1, 'İstanbul', 'Ankara', '02:00:00', '03:10:00', 'Pazartesi, Salı, Çarşamba, Perşembe, Cuma, Cumartesi, Pazar', 1400, 'Her gün', '2024-05-08'),
(2, 'İstanbul', 'Ankara', '06:00:00', '07:15:00', 'Pazartesi, Salı, Çarşamba, Perşembe, Cuma, Cumartesi, Pazar', 1400, 'Her gün', '2024-05-08'),
(3, 'İstanbul', 'Ankara', '10:00:00', '11:20:00', 'Pazartesi, Salı, Çarşamba, Perşembe, Cuma, Cumartesi, Pazar', 1700, 'Her gün', '2024-05-08'),
(4, 'İstanbul', 'Ankara', '13:00:00', '14:15:00', 'Pazartesi, Salı, Çarşamba, Perşembe, Cuma, Cumartesi, Pazar', 2063, 'Her gün', '2024-05-08'),
(5, 'İstanbul', 'Ankara', '16:00:00', '17:10:00', 'Pazartesi, Salı, Çarşamba, Perşembe, Cuma, Cumartesi, Pazar', 1400, 'Her gün', '2024-05-08'),
(6, 'İstanbul', 'Ankara', '19:00:00', '20:10:00', 'Pazartesi, Salı, Çarşamba, Perşembe, Cuma, Cumartesi, Pazar', 1400, 'Her gün', '2024-05-08'),
(7, 'İstanbul', 'Ankara', '22:00:00', '23:15:00', 'Pazartesi, Salı, Çarşamba, Perşembe, Cuma, Cumartesi, Pazar', 1700, 'Her gün', '2024-05-08'),
(8, 'İstanbul', 'Ankara', '23:55:00', '01:05:00', 'Pazartesi, Salı, Çarşamba, Perşembe, Cuma, Cumartesi, Pazar', 2063, 'Her gün', '2024-05-08'),
(10, 'Ankara', 'İstanbul', '03:10:00', '04:25:00', 'Pazartesi, Salı, Çarşamba,Perşembe, Cuma, Cumartesi, Pazar', 2063, 'Hergün', '2024-05-08'),
(11, 'Ankara', 'İstanbul', '06:35:00', '08:00:00', 'Pazartesi, Salı, Çarşamba,Perşembe, Cuma, Cumartesi, Pazar', 2063, 'Hergün', '2024-05-08'),
(12, 'Ankara', 'İstanbul', '08:55:00', '10:10:00', 'Pazartesi, Salı, Çarşamba,Perşembe, Cuma, Cumartesi, Pazar', 2063, 'Hergün', '2024-05-08'),
(13, 'Ankara', 'İstanbul', '12:05:00', '13:30:00', 'Pazartesi, Salı, Çarşamba,Perşembe, Cuma, Cumartesi, Pazar', 2063, 'Hergün', '2024-05-08'),
(14, 'Ankara', 'İstanbul', '15:00:00', '16:20:00', 'Pazartesi, Salı, Çarşamba,Perşembe, Cuma, Cumartesi, Pazar', 2063, 'Hergün', '2024-05-08'),
(15, 'Ankara', 'İstanbul', '19:55:00', '21:15:00', 'Pazartesi, Salı, Çarşamba,Perşembe, Cuma, Cumartesi, Pazar', 1700, 'Hergün', '2024-05-08'),
(16, 'Ankara', 'İstanbul', '20:55:00', '22:10:00', 'Pazartesi, Salı, Çarşamba,Perşembe, Cuma, Cumartesi, Pazar', 2063, 'Hergün', '2024-05-08'),
(17, 'Ankara', 'İstanbul', '22:55:00', '00:15:00', 'Pazartesi, Salı, Çarşamba,Perşembe, Cuma, Cumartesi, Pazar', 2063, 'Hergün', '2024-05-08'),
(18, 'İstanbul', 'İzmir', '02:00:00', '03:15:00', 'Pazartesi, Salı, Çarşamba,Perşembe, Cuma, Cumartesi, Pazar', 2063, 'Hergün', '2024-05-08'),
(19, 'İstanbul', 'İzmir', '08:00:00', '09:15:00', 'Pazartesi, Salı, Çarşamba,Perşembe, Cuma, Cumartesi, Pazar', 2063, 'Hergün', '2024-05-08'),
(20, 'İstanbul', 'İzmir', '13:00:00', '14:15:00', 'Pazartesi, Salı, Çarşamba,Perşembe, Cuma, Cumartesi, Pazar', 2063, 'Hergün', '2024-05-08'),
(21, 'İstanbul', 'İzmir', '17:00:00', '18:15:00', 'Pazartesi, Salı, Çarşamba,Perşembe, Cuma, Cumartesi, Pazar', 2063, 'Hergün', '2024-05-08'),
(22, 'İstanbul', 'İzmir', '22:00:00', '23:15:00', 'Pazartesi, Salı, Çarşamba,Perşembe, Cuma, Cumartesi, Pazar', 2063, 'Hergün', '2024-05-08'),
(23, 'İzmir', 'İstanbul', '03:10:00', '04:30:00', 'Pazartesi, Salı, Çarşamba,Perşembe, Cuma, Cumartesi, Pazar', 2063, 'Hergün', '2024-05-08'),
(24, 'İzmir', 'İstanbul', '07:50:00', '09:15:00', 'Pazartesi, Salı, Çarşamba,Perşembe, Cuma, Cumartesi, Pazar', 2063, 'Hergün', '2024-05-08'),
(25, 'İzmir', 'İstanbul', '17:00:00', '08:25:00', 'Pazartesi, Salı, Çarşamba,Perşembe, Cuma, Cumartesi, Pazar', 2063, 'Hergün', '2024-05-08'),
(26, 'İzmir', 'İstanbul', '23:00:00', '00:25:00', 'Pazartesi, Salı, Çarşamba,Perşembe, Cuma, Cumartesi, Pazar', 2063, 'Hergün', '2024-05-08'),
(27, 'İstanbul', 'Antalya', '06:20:00', '07:45:00', 'Pazartesi, Salı, Çarşamba,Perşembe, Cuma, Cumartesi, Pazar', 2063, 'Hergün', '2024-05-08'),
(28, 'İstanbul', 'Antalya', '15:10:00', '16:40:00', 'Pazartesi, Salı, Çarşamba,Perşembe, Cuma, Cumartesi, Pazar', 2063, 'Hergün', '2024-05-08'),
(29, 'İstanbul', 'Antalya', '21:05:00', '22:30:00', 'Pazartesi, Salı, Çarşamba,Perşembe, Cuma, Cumartesi, Pazar', 2063, 'Hergün', '2024-05-08'),
(30, 'İstanbul', 'Antalya', '01:30:00', '02:05:00', 'Pazartesi, Salı, Çarşamba,Perşembe, Cuma, Cumartesi, Pazar', 6784, 'Hergün', '2024-05-08'),
(31, 'Antalya', 'İstanbul', '05:10:00', '06:45:00', 'Pazartesi, Salı, Çarşamba,Perşembe, Cuma, Cumartesi, Pazar', 2063, 'Hergün', '2024-05-08'),
(32, 'Antalya', 'İstanbul', '14:30:00', '16:05:00', 'Pazartesi, Salı, Çarşamba,Perşembe, Cuma, Cumartesi, Pazar', 2063, 'Hergün', '2024-05-08'),
(33, 'Antalya', 'İstanbul', '20:35:00', '22:10:00', 'Pazartesi, Salı, Çarşamba,Perşembe, Cuma, Cumartesi, Pazar', 2063, 'Hergün', '2024-05-08'),
(34, 'Antalya', 'İstanbul', '00:20:00', '01:50:00', 'Pazartesi, Salı, Çarşamba,Perşembe, Cuma, Cumartesi, Pazar', 2063, 'Hergün', '2024-05-08'),
(35, 'İstanbul', 'Van', '08:40:00', '10:50:00', 'Perşembe, Pazar', 2063, 'Haftada iki', '2024-05-09'),
(36, 'İstanbul', 'Van', '16:55:00', '19:10:00', 'Perşembe, Pazar', 2063, 'Haftada iki', '2024-05-09'),
(37, 'Van', 'İstanbul', '11:45:00', '14:15:00', 'Perşembe, Pazar', 2063, 'Haftada iki', '2024-05-09'),
(38, 'Van', 'İstanbul', '18:10:00', '20:40:00', 'Perşembe, Pazar', 2063, 'Haftada iki', '2024-05-09'),
(39, 'İstanbul', 'Trabzon', '06:05:00', '07:50:00', 'Salı, Cumartesi', 2063, 'Haftada iki', '2024-05-09'),
(40, 'İstanbul', 'Trabzon', '19:55:00', '21:45:00', 'Salı, Cumartesi', 2063, 'Haftada iki', '2024-05-09'),
(41, 'Trabzon', 'İstanbul', '12:05:00', '14:10:00', 'Salı, Cumartesi', 1856, 'Haftada iki', '2024-05-09'),
(42, 'Trabzon', 'İstanbul', '22:30:00', '00:30:00', 'Salı, Cumartesi', 1856, 'Haftada iki', '2024-05-09'),
(43, 'İstanbul', 'Gaziantep', '03:20:00', '05:10:00', 'Pazartesi, Salı, Çarşamba,Perşembe, Cuma, Cumartesi, Pazar', 2063, 'Hergün', '2024-05-08'),
(44, 'İstanbul', 'Gaziantep', '15:20:00', '17:10:00', 'Pazartesi, Salı, Çarşamba,Perşembe, Cuma, Cumartesi, Pazar', 2063, 'Hergün', '2024-05-08'),
(45, 'Gaziantep', 'İstanbul', '05:55:00', '07:50:00', 'Pazartesi, Salı, Çarşamba,Perşembe, Cuma, Cumartesi, Pazar', 2063, 'Hergün', '2024-05-08'),
(46, 'Gaziantep', 'İstanbul', '17:55:00', '19:50:00', 'Pazartesi, Salı, Çarşamba,Perşembe, Cuma, Cumartesi, Pazar', 2063, 'Hergün', '2024-05-08'),
(47, 'Ankara', 'Çanakkale', '20:30:00', '21:50:00', 'Pazartesi, Cuma', 1201, 'Haftada iki', '2024-05-08'),
(48, 'Çanakkale', 'Ankara', '08:25:00', '09:40:00', 'Pazartesi, Cuma', 1201, 'Haftada iki', '2024-05-08'),
(49, 'Ankara', 'İzmir', '08:55:00', '12:15:00', 'Pazartesi, Salı, Çarşamba, Perşembe, Cuma, Cumartesi, Pazar', 3542, 'Hergün', '2024-05-08'),
(50, 'Ankara', 'İzmir', '12:05:00', '16:15:00', 'Pazartesi, Salı, Çarşamba, Perşembe, Cuma, Cumartesi, Pazar', 3542, 'Hergün', '2024-05-08'),
(51, 'Ankara', 'İzmir', '18:05:00', '22:15:00', 'Pazartesi, Salı, Çarşamba, Perşembe, Cuma, Cumartesi, Pazar', 3542, 'Hergün', '2024-05-08'),
(52, 'Ankara', 'İzmir', '22:55:00', '03:15:00', 'Pazartesi, Salı, Çarşamba, Perşembe, Cuma, Cumartesi, Pazar', 3542, 'Hergün', '2024-05-08'),
(53, 'İzmir', 'Ankara', '07:50:00', '11:20:00', 'Pazartesi, Salı, Çarşamba, Perşembe, Cuma, Cumartesi, Pazar', 3542, 'Hergün', '2024-05-08'),
(54, 'İzmir', 'Ankara', '13:00:00', '17:10:00', 'Pazartesi, Salı, Çarşamba, Perşembe, Cuma, Cumartesi, Pazar', 3542, 'Hergün', '2024-05-08'),
(55, 'İzmir', 'Ankara', '18:00:00', '22:10:00', 'Pazartesi, Salı, Çarşamba, Perşembe, Cuma, Cumartesi, Pazar', 3542, 'Hergün', '2024-05-08'),
(56, 'İzmir', 'Ankara', '19:00:00', '01:05:00', 'Pazartesi, Salı, Çarşamba, Perşembe, Cuma, Cumartesi, Pazar', 3542, 'Hergün', '2024-05-08'),
(57, 'Ankara', 'Antalya', '13:00:00', '16:40:00', 'Pazartesi, Salı, Çarşamba, Perşembe, Cuma, Cumartesi, Pazar', 3541, 'Hergün', '2024-05-08'),
(58, 'Ankara', 'Antalya', '19:55:00', '23:35:00', 'Pazartesi, Salı, Çarşamba, Perşembe, Cuma, Cumartesi, Pazar', 3541, 'Hergün', '2024-05-08'),
(59, 'Antalya', 'Ankara', '05:10:00', '09:15:00', 'Pazartesi, Salı, Çarşamba, Perşembe, Cuma, Cumartesi, Pazar', 3541, 'Hergün', '2024-05-08'),
(60, 'Antalya', 'Ankara', '18:45:00', '23:15:00', 'Pazartesi, Salı, Çarşamba, Perşembe, Cuma, Cumartesi, Pazar', 3541, 'Hergün', '2024-05-08'),
(61, 'Ankara', 'Gaziantep', '10:00:00', '14:20:00', 'Pazartesi, Salı, Çarşamba, Perşembe, Cuma, Cumartesi, Pazar', 3541, 'Hergün', '2024-05-08'),
(62, 'Gaziantep', 'Ankara', '15:05:00', '19:10:00', 'Pazartesi, Salı, Çarşamba, Perşembe, Cuma, Cumartesi, Pazar', 3463, 'Hergün', '2024-05-08'),
(63, 'İzmir', 'Antalya', '22:00:00', '23:05:00', 'Pazartesi, Salı, Çarşamba, Perşembe, Cuma, Cumartesi, Pazar', 1219, 'Hergün', '2024-05-08'),
(64, 'Antalya', 'İzmir', '12:10:00', '13:20:00', 'Pazartesi, Salı, Çarşamba, Perşembe, Cuma, Cumartesi, Pazar', 1429, 'Hergün', '2024-05-08');

--
-- Dökümü yapılmış tablolar için indeksler
--

--
-- Tablo için indeksler `koltuk`
--
ALTER TABLE `koltuk`
  ADD PRIMARY KEY (`koltuk_id`),
  ADD KEY `k_id` (`k_id`),
  ADD KEY `fk_ucus_id` (`ucus_id`);

--
-- Tablo için indeksler `kullanici`
--
ALTER TABLE `kullanici`
  ADD PRIMARY KEY (`k_id`);

--
-- Tablo için indeksler `ucus`
--
ALTER TABLE `ucus`
  ADD PRIMARY KEY (`id`);

--
-- Dökümü yapılmış tablolar için AUTO_INCREMENT değeri
--

--
-- Tablo için AUTO_INCREMENT değeri `koltuk`
--
ALTER TABLE `koltuk`
  MODIFY `koltuk_id` int(11) NOT NULL AUTO_INCREMENT, AUTO_INCREMENT=976;

--
-- Tablo için AUTO_INCREMENT değeri `kullanici`
--
ALTER TABLE `kullanici`
  MODIFY `k_id` int(11) NOT NULL AUTO_INCREMENT, AUTO_INCREMENT=5;

--
-- Tablo için AUTO_INCREMENT değeri `ucus`
--
ALTER TABLE `ucus`
  MODIFY `id` int(11) NOT NULL AUTO_INCREMENT, AUTO_INCREMENT=65;

--
-- Dökümü yapılmış tablolar için kısıtlamalar
--

--
-- Tablo kısıtlamaları `koltuk`
--
ALTER TABLE `koltuk`
  ADD CONSTRAINT `fk_ucus_id` FOREIGN KEY (`ucus_id`) REFERENCES `ucus` (`id`),
  ADD CONSTRAINT `koltuk_ibfk_1` FOREIGN KEY (`k_id`) REFERENCES `kullanici` (`k_id`) ON DELETE SET NULL;
COMMIT;

/*!40101 SET CHARACTER_SET_CLIENT=@OLD_CHARACTER_SET_CLIENT */;
/*!40101 SET CHARACTER_SET_RESULTS=@OLD_CHARACTER_SET_RESULTS */;
/*!40101 SET COLLATION_CONNECTION=@OLD_COLLATION_CONNECTION */;
